Date/time,Anemómetro 1;wind_speed;Avg,Anemómetro 1;wind_speed;Max,Anemómetro 1;wind_speed;Min,Anemómetro 1;wind_speed;StdDev,Anemómetro 1;wind_speed;Count,Anemómetro 2;wind_speed;Avg,Anemómetro 2;wind_speed;Max,Anemómetro 2;wind_speed;Min,Anemómetro 2;wind_speed;StdDev,Anemómetro 2;wind_speed;Count,Anemómetro 3;wind_speed;Avg,Anemómetro 3;wind_speed;Max,Anemómetro 3;wind_speed;Min,Anemómetro 3;wind_speed;StdDev,Anemómetro 3;wind_speed;Count,Anemómetro 4;wind_speed;Avg,Anemómetro 4;wind_speed;Max,Anemómetro 4;wind_speed;Min,Anemómetro 4;wind_speed;StdDev,Anemómetro 4;wind_speed;Count,Anemómetro 5;wind_speed;Avg,Anemómetro 5;wind_speed;Max,Anemómetro 5;wind_speed;Min,Anemómetro 5;wind_speed;StdDev,Anemómetro 5;wind_speed;Count,Anemómetro 6;wind_speed;Avg,Anemómetro 6;wind_speed;Max,Anemómetro 6;wind_speed;Min,Anemómetro 6;wind_speed;StdDev,Anemómetro 6;wind_speed;Count,Veleta 1;wind_direction;Avg,Veleta 1;wind_direction;StdDev,Veleta 1;wind_direction;Count,Veleta 2;wind_direction;Avg,Veleta 2;wind_direction;StdDev,Veleta 2;wind_direction;Count,Veleta 3;wind_direction;Avg,Veleta 3;wind_direction;StdDev,Veleta 3;wind_direction;Count,Hygro;humidity;Avg,Hygro;humidity;Max,Hygro;humidity;Min,Hygro;humidity;StdDev,Hygro;humidity;Count,Hygro;temperature;Avg,Hygro;temperature;Max,Hygro;temperature;Min,Hygro;temperature;StdDev,Hygro;temperature;Count,Barómetro 1;air_pressure;Avg,Barómetro 1;air_pressure;Max,Barómetro 1;air_pressure;Min,Barómetro 1;air_pressure;StdDev,Barómetro 1;air_pressure;Count,A1;Avg,A1;Max,A1;Min,A1;StdDev,A1;Count,A2;Avg,A2;Max,A2;Min,A2;StdDev,A2;Count,A3;Avg,A3;Max,A3;Min,A3;StdDev,A3;Count,C1;Avg,C1;Max,C1;Min,C1;StdDev,C1;Count,C2;Avg,C2;Max,C2;Min,C2;StdDev,C2;Count,C3;Avg,C3;Max,C3;Min,C3;StdDev,C3;Count,C4;Avg,C4;Max,C4;Min,C4;StdDev,C4;Count,C5;Avg,C5;Max,C5;Min,C5;StdDev,C5;Count,C6;Avg,C6;Max,C6;Min,C6;StdDev,C6;Count,D1;Avg,D1;Max,D1;Min,D1;StdDev,D1;Count,D2;Avg,D2;Max,D2;Min,D2;StdDev,D2;Count,D3;Avg,D3;Max,D3;Min,D3;StdDev,D3;Count,V;Avg,V;Max,V;Min,I;Avg,I;Max,I;Min,T,addr
2018-10-16 06:50:00,0.0000,0.0000,0.0000,0.0000,216,0.0000,0.0000,0.0000,0.0000,216,0.0000,0.0000,0.0000,0.0000,216,0.0000,0.0000,0.0000,0.0000,216,0.0000,0.0000,0.0000,0.0000,216,0.0000,0.0000,0.0000,0.0000,216,---,---,0,126.8890,6.1969,216,125.1564,5.5479,216,94.3702,94.7295,94.1801,0.1545,216,9.50353,9.54283,9.44517,0.02357,216,1003.9143,1004.1871,1003.5829,0.1115,216,3.3986,3.4031,3.3930,0.0019,216,0.9437,0.9473,0.9418,0.0015,216,0.39504,0.39543,0.39445,0.00024,216,0.0000,0.0000,0.0000,0.0000,216,0.0000,0.0000,0.0000,0.0000,216,0.0000,0.0000,0.0000,0.0000,216,0.0000,0.0000,0.0000,0.0000,216,0.0000,0.0000,0.0000,0.0000,216,0.0000,0.0000,0.0000,0.0000,216,---,---,---,---,0,713.6435,762,667,17.6814,216,708.7130,756,663,15.8288,216,11.59,11.86,11.51,26.9259,29,25,9.2,6696283
2018-10-16 07:00:00,0.0000,0.0000,0.0000,0.0000,402,0.0000,0.0000,0.0000,0.0000,402,0.0000,0.0000,0.0000,0.0000,402,0.0000,0.0000,0.0000,0.0000,402,0.0000,0.0000,0.0000,0.0000,402,0.0000,0.0000,0.0000,0.0000,402,---,---,0,125.0733,4.8836,402,122.3889,5.5145,402,94.0643,94.4243,93.8139,0.1562,402,9.58525,9.61913,9.53673,0.01791,402,1003.8289,1004.1871,1003.6012,0.0957,402,3.3971,3.4031,3.3934,0.0016,402,0.9406,0.9442,0.9381,0.0016,402,0.39585,0.39619,0.39537,0.00018,402,0.0000,0.0000,0.0000,0.0000,402,0.0000,0.0000,0.0000,0.0000,402,0.0000,0.0000,0.0000,0.0000,402,0.0000,0.0000,0.0000,0.0000,402,0.0000,0.0000,0.0000,0.0000,402,0.0000,0.0000,0.0000,0.0000,402,---,---,---,---,0,708.4751,750,677,13.9135,402,700.8433,751,663,15.7151,402,11.45,11.56,11.16,27.0597,29,25,10.0,6696305
2018-10-16 07:10:00,0.0000,0.0000,0.0000,0.0000,237,0.0000,0.0000,0.0000,0.0000,237,0.0000,0.0000,0.0000,0.0000,237,0.0000,0.0000,0.0000,0.0000,237,0.0000,0.0000,0.0000,0.0000,237,0.0000,0.0000,0.0000,0.0000,237,---,---,0,125.9299,4.7231,237,122.7944,4.7610,237,93.9854,94.2717,93.6918,0.1856,237,9.56116,9.58861,9.51537,0.01748,237,1004.2092,1004.5534,1003.9491,0.1164,237,3.4035,3.4092,3.3992,0.0019,237,0.9399,0.9427,0.9369,0.0019,237,0.39561,0.39589,0.39515,0.00017,237,0.0000,0.0000,0.0000,0.0000,237,0.0000,0.0000,0.0000,0.0000,237,0.0000,0.0000,0.0000,0.0000,237,0.0000,0.0000,0.0000,0.0000,237,0.0000,0.0000,0.0000,0.0000,237,0.0000,0.0000,0.0000,0.0000,237,---,---,---,---,0,710.9072,748,672,13.4687,237,701.9873,744,647,13.5839,237,11.53,11.86,11.27,26.9916,29,25,10.0,6696347
2018-10-16 07:20:00,0.0000,0.0000,0.0000,0.0000,199,0.0000,0.0000,0.0000,0.0000,199,0.0000,0.0000,0.0000,0.0000,199,0.0000,0.0000,0.0000,0.0000,199,0.0000,0.0000,0.0000,0.0000,199,0.0000,0.0000,0.0000,0.0000,199,---,---,0,126.8460,6.2401,199,125.4327,7.0202,199,94.1005,94.3022,93.8749,0.0935,199,9.62704,9.68322,9.56114,0.03395,199,1004.5164,1004.7365,1004.3153,0.1148,199,3.4086,3.4123,3.4053,0.0019,199,0.9410,0.9430,0.9387,0.0009,199,0.39627,0.39683,0.39561,0.00034,199,0.0000,0.0000,0.0000,0.0000,199,0.0000,0.0000,0.0000,0.0000,199,0.0000,0.0000,0.0000,0.0000,199,0.0000,0.0000,0.0000,0.0000,199,0.0000,0.0000,0.0000,0.0000,199,0.0000,0.0000,0.0000,0.0000,199,---,---,---,---,0,713.5126,767,656,17.8149,199,709.4975,761,647,20.0396,199,11.53,11.86,11.21,27.0101,29,25,10.0,6696372
2018-10-16 07:30:00,0.0000,0.0000,0.0000,0.0000,297,0.0000,0.0000,0.0000,0.0000,297,0.0000,0.0000,0.0000,0.0000,297,0.0000,0.0000,0.0000,0.0000,297,0.0000,0.0000,0.0000,0.0000,297,0.0000,0.0000,0.0000,0.0000,297,---,---,0,128.3683,9.5187,256,124.6246,7.6193,297,93.7716,94.1191,93.6003,0.1357,297,9.68503,9.74426,9.62218,0.03171,297,1004.5302,1004.7548,1004.1688,0.1275,297,3.4088,3.4126,3.4028,0.0021,297,0.9377,0.9412,0.9360,0.0014,297,0.39685,0.39744,0.39622,0.00032,297,0.0000,0.0000,0.0000,0.0000,297,0.0000,0.0000,0.0000,0.0000,297,0.0000,0.0000,0.0000,0.0000,297,0.0000,0.0000,0.0000,0.0000,297,0.0000,0.0000,0.0000,0.0000,297,0.0000,0.0000,0.0000,0.0000,297,---,---,---,---,0,716.9336,767,353,30.3026,256,707.2189,785,650,21.7356,297,11.57,11.86,11.21,26.9731,29,25,10.0,6696393
2018-10-16 07:40:00,0.0000,0.0000,0.0000,0.0000,148,0.0000,0.0000,0.0000,0.0000,148,0.0000,0.0000,0.0000,0.0000,148,0.0000,0.0000,0.0000,0.0000,148,0.0000,0.0000,0.0000,0.0000,148,0.0000,0.0000,0.0000,0.0000,148,---,---,0,127.2326,4.9012,143,124.6907,4.1803,148,93.6450,93.8749,93.3866,0.1642,148,9.80420,9.82666,9.73815,0.02033,148,1004.7891,1004.9196,1004.5351,0.0909,148,3.4132,3.4153,3.4089,0.0015,148,0.9365,0.9387,0.9339,0.0016,148,0.39804,0.39827,0.39738,0.00020,148,0.0000,0.0000,0.0000,0.0000,148,0.0000,0.0000,0.0000,0.0000,148,0.0000,0.0000,0.0000,0.0000,148,0.0000,0.0000,0.0000,0.0000,148,0.0000,0.0000,0.0000,0.0000,148,0.0000,0.0000,0.0000,0.0000,148,---,---,---,---,0,714.6224,753,686,13.9959,143,707.3851,733,671,11.9355,148,11.52,11.86,11.12,27.0135,29,25,10.0,6696425
2018-10-16 07:50:00,0.0000,0.0000,0.0000,0.0000,149,0.0000,0.0000,0.0000,0.0000,149,0.0000,0.0000,0.0000,0.0000,149,0.0000,0.0000,0.0000,0.0000,149,0.0000,0.0000,0.0000,0.0000,149,0.0000,0.0000,0.0000,0.0000,149,---,---,0,121.9135,3.9283,121,118.9224,4.4643,149,93.3629,93.5697,93.2035,0.0859,149,9.75108,9.76867,9.73510,0.00695,149,1004.7903,1005.0661,1004.5167,0.0958,149,3.4132,3.4178,3.4086,0.0016,149,0.9336,0.9357,0.9320,0.0009,149,0.39751,0.39769,0.39735,0.00007,149,0.0000,0.0000,0.0000,0.0000,149,0.0000,0.0000,0.0000,0.0000,149,0.0000,0.0000,0.0000,0.0000,149,0.0000,0.0000,0.0000,0.0000,149,0.0000,0.0000,0.0000,0.0000,149,0.0000,0.0000,0.0000,0.0000,149,---,---,---,---,0,699.4876,725,674,11.2228,121,690.9732,717,656,12.7459,149,11.54,11.86,11.12,26.9195,29,25,10.0,6696441
2018-10-16 08:00:00,0.0000,0.0000,0.0000,0.0000,247,0.0000,0.0000,0.0000,0.0000,247,0.0000,0.0000,0.0000,0.0000,247,0.0000,0.0000,0.0000,0.0000,247,0.0000,0.0000,0.0000,0.0000,247,0.0000,0.0000,0.0000,0.0000,247,---,---,0,122.8253,4.3458,193,120.6436,5.1383,247,93.4295,93.6918,93.0815,0.1723,247,9.79061,9.82055,9.74731,0.01757,247,1004.8566,1005.1027,1004.5351,0.0941,247,3.4143,3.4184,3.4089,0.0016,247,0.9343,0.9369,0.9308,0.0017,247,0.39791,0.39821,0.39747,0.00018,247,0.0000,0.0000,0.0000,0.0000,247,0.0000,0.0000,0.0000,0.0000,247,0.0000,0.0000,0.0000,0.0000,247,0.0000,0.0000,0.0000,0.0000,247,0.0000,0.0000,0.0000,0.0000,247,0.0000,0.0000,0.0000,0.0000,247,---,---,---,---,0,718.6753,3922,667,231.5074,194,695.8745,735,655,14.6525,247,11.59,11.91,11.21,26.9352,29,25,10.0,6696457
2018-10-16 08:10:00,0.0000,0.0000,0.0000,0.0000,167,0.0000,0.0000,0.0000,0.0000,167,0.0000,0.0000,0.0000,0.0000,167,0.0000,0.0000,0.0000,0.0000,167,0.0000,0.0000,0.0000,0.0000,167,0.0000,0.0000,0.0000,0.0000,167,---,---,0,123.6707,5.2920,151,120.4879,5.8372,167,93.4168,93.6003,93.0204,0.1416,167,9.80940,9.86022,9.75646,0.02711,167,1005.0289,1005.2675,1004.7182,0.0986,167,3.4171,3.4211,3.4120,0.0016,167,0.9342,0.9360,0.9302,0.0014,167,0.39809,0.39860,0.39756,0.00027,167,0.0000,0.0000,0.0000,0.0000,167,0.0000,0.0000,0.0000,0.0000,167,0.0000,0.0000,0.0000,0.0000,167,0.0000,0.0000,0.0000,0.0000,167,0.0000,0.0000,0.0000,0.0000,167,0.0000,0.0000,0.0000,0.0000,167,---,---,---,---,0,704.4901,755,671,15.1146,151,695.4311,736,658,16.6619,167,11.57,11.91,11.12,26.8443,29,25,10.0,6696483
2018-10-16 08:20:00,0.0000,0.0000,0.0000,0.0000,340,0.0000,0.0000,0.0000,0.0000,340,0.0000,0.0000,0.0000,0.0000,340,0.0000,0.0000,0.0000,0.0000,340,0.0000,0.0000,0.0000,0.0000,340,0.0000,0.0000,0.0000,0.0000,340,---,---,0,125.3499,6.0059,340,123.9955,6.2575,340,93.0291,93.5087,92.6847,0.2447,340,9.89852,9.96094,9.79308,0.04323,340,1005.0187,1005.2675,1004.7182,0.1127,340,3.4170,3.4211,3.4120,0.0019,340,0.9303,0.9351,0.9268,0.0024,340,0.39899,0.39961,0.39793,0.00043,340,0.0000,0.0000,0.0000,0.0000,340,0.0000,0.0000,0.0000,0.0000,340,0.0000,0.0000,0.0000,0.0000,340,0.0000,0.0000,0.0000,0.0000,340,0.0000,0.0000,0.0000,0.0000,340,0.0000,0.0000,0.0000,0.0000,340,---,---,---,---,0,709.2441,748,654,17.1205,340,705.3853,750,641,17.8432,340,11.58,11.91,11.16,26.9176,29,25,10.2,6696502
2018-10-16 08:30:00,0.0000,0.0000,0.0000,0.0000,531,0.0000,0.0000,0.0000,0.0000,531,0.0000,0.0000,0.0000,0.0000,531,0.0000,0.0000,0.0000,0.0000,531,0.0000,0.0000,0.0000,0.0000,531,0.0000,0.0000,0.0000,0.0000,531,---,---,0,129.2670,5.6647,531,126.5839,6.5343,531,92.7401,93.2035,92.3795,0.1793,531,10.04678,10.20508,9.96094,0.06926,531,1005.1565,1005.4689,1004.8830,0.1249,531,3.4193,3.4245,3.4147,0.0021,531,0.9274,0.9320,0.9238,0.0018,531,0.40047,0.40205,0.39961,0.00069,531,0.0000,0.0000,0.0000,0.0000,531,0.0000,0.0000,0.0000,0.0000,531,0.0000,0.0000,0.0000,0.0000,531,0.0000,0.0000,0.0000,0.0000,531,0.0000,0.0000,0.0000,0.0000,531,0.0000,0.0000,0.0000,0.0000,531,---,---,---,---,0,720.3992,767,661,16.1434,531,712.7853,783,660,18.6275,531,11.69,11.96,11.31,26.6949,29,25,11.0,6696538
2018-10-16 08:40:00,0.0000,0.0000,0.0000,0.0000,500,0.0000,0.0000,0.0000,0.0000,500,0.0000,0.0000,0.0000,0.0000,500,0.0000,0.0000,0.0000,0.0000,500,0.0000,0.0000,0.0000,0.0000,500,0.0000,0.0000,0.0000,0.0000,500,---,---,0,131.0290,4.8921,500,127.8781,5.1656,500,92.2317,93.0509,91.8302,0.2478,500,10.21946,10.29359,10.15626,0.02073,500,1005.1870,1005.6520,1004.9013,0.1987,500,3.4198,3.4275,3.4150,0.0033,500,0.9223,0.9305,0.9183,0.0025,500,0.40219,0.40294,0.40156,0.00021,500,0.0000,0.0000,0.0000,0.0000,500,0.0000,0.0000,0.0000,0.0000,500,0.0000,0.0000,0.0000,0.0000,500,0.0000,0.0000,0.0000,0.0000,500,0.0000,0.0000,0.0000,0.0000,500,0.0000,0.0000,0.0000,0.0000,500,---,---,---,---,0,725.4140,764,688,13.9351,500,716.4580,760,678,14.7168,500,11.62,11.91,11.07,26.9200,29,25,11.0,6696593
2018-10-16 08:50:00,0.0000,0.0000,0.0000,0.0000,355,0.0000,0.0000,0.0000,0.0000,355,0.0000,0.0000,0.0000,0.0000,355,0.0000,0.0000,0.0000,0.0000,355,0.0000,0.0000,0.0000,0.0000,355,0.0000,0.0000,0.0000,0.0000,355,---,---,0,126.1749,5.9992,355,123.5647,6.5653,355,92.1322,92.7458,91.7692,0.2768,355,10.23506,10.26612,10.16236,0.02232,355,1005.3960,1005.6520,1005.2492,0.1197,355,3.4233,3.4275,3.4208,0.0020,355,0.9213,0.9275,0.9177,0.0028,355,0.40235,0.40266,0.40162,0.00022,355,0.0000,0.0000,0.0000,0.0000,355,0.0000,0.0000,0.0000,0.0000,355,0.0000,0.0000,0.0000,0.0000,355,0.0000,0.0000,0.0000,0.0000,355,0.0000,0.0000,0.0000,0.0000,355,0.0000,0.0000,0.0000,0.0000,355,---,---,---,---,0,711.6113,762,662,17.1001,355,704.1859,763,644,18.7200,355,11.65,11.91,11.16,39.5775,147,25,11.1,6696645
2018-10-16 09:00:00,0.0000,0.0000,0.0000,0.0000,405,0.0000,0.0000,0.0000,0.0000,405,0.0000,0.0000,0.0000,0.0000,405,0.0000,0.0000,0.0000,0.0000,405,0.0000,0.0000,0.0000,0.0000,405,0.0000,0.0000,0.0000,0.0000,405,---,---,0,128.6336,4.7044,405,126.6019,5.2447,405,91.5649,92.3490,91.1588,0.2874,405,10.29935,10.38819,10.27222,0.01946,405,1005.3662,1005.6520,1005.0844,0.1184,405,3.4228,3.4275,3.4181,0.0020,405,0.9156,0.9235,0.9116,0.0029,405,0.40299,0.40388,0.40272,0.00019,405,0.0000,0.0000,0.0000,0.0000,405,0.0000,0.0000,0.0000,0.0000,405,0.0000,0.0000,0.0000,0.0000,405,0.0000,0.0000,0.0000,0.0000,405,0.0000,0.0000,0.0000,0.0000,405,0.0000,0.0000,0.0000,0.0000,405,---,---,---,---,0,718.5975,756,666,13.4069,405,712.8247,755,667,14.9485,405,11.66,11.91,11.16,26.6593,29,25,12.0,6696684
2018-10-16 09:10:00,0.0005,0.2786,0.0000,0.0119,544,0.0005,0.2744,0.0000,0.0118,544,0.0000,0.0000,0.0000,0.0000,544,0.0005,0.2868,0.0000,0.0123,544,0.0000,0.0000,0.0000,0.0000,544,0.0005,0.2563,0.0000,0.0110,544,---,---,0,129.8437,5.4717,544,127.3285,5.7544,544,91.3900,92.0133,90.8231,0.2929,544,10.39747,10.51942,10.27528,0.05899,544,1005.3286,1005.6520,1005.0844,0.1258,544,3.4221,3.4275,3.4181,0.0021,544,0.9139,0.9201,0.9082,0.0029,544,0.40397,0.40519,0.40275,0.00059,544,0.0018,1.0000,0.0000,0.0429,544,0.0018,1.0000,0.0000,0.0429,544,0.0000,0.0000,0.0000,0.0000,544,0.0018,1.0000,0.0000,0.0429,544,0.0000,0.0000,0.0000,0.0000,544,0.0018,1.0000,0.0000,0.0429,544,---,---,---,---,0,722.0368,766,653,15.5927,544,714.8897,763,655,16.3955,544,11.80,11.91,11.71,26.5221,29,25,12.0,6696727
2018-10-16 09:20:00,0.0000,0.0000,0.0000,0.0000,600,0.0000,0.0000,0.0000,0.0000,600,0.0000,0.0000,0.0000,0.0000,600,0.0000,0.0000,0.0000,0.0000,600,0.0000,0.0000,0.0000,0.0000,600,0.0000,0.0000,0.0000,0.0000,600,---,---,0,128.6261,5.3593,600,126.9706,5.6841,600,90.7143,91.3419,90.0906,0.2837,600,10.53007,10.58351,10.48586,0.02471,600,1005.1829,1005.4872,1004.9013,0.1028,600,3.4197,3.4248,3.4150,0.0017,600,0.9071,0.9134,0.9009,0.0028,600,0.40530,0.40584,0.40486,0.00025,600,0.0000,0.0000,0.0000,0.0000,600,0.0000,0.0000,0.0000,0.0000,600,0.0000,0.0000,0.0000,0.0000,600,0.0000,0.0000,0.0000,0.0000,600,0.0000,0.0000,0.0000,0.0000,600,0.0000,0.0000,0.0000,0.0000,600,---,---,---,---,0,718.5817,765,658,15.2703,600,713.8833,774,652,16.1972,600,11.88,12.01,11.81,26.0933,29,25,12.0,6696783
2018-10-16 09:30:00,0.0000,0.0000,0.0000,0.0000,600,0.0000,0.0000,0.0000,0.0000,600,0.0000,0.0000,0.0000,0.0000,600,0.0000,0.0000,0.0000,0.0000,600,0.0000,0.0000,0.0000,0.0000,600,0.0000,0.0000,0.0000,0.0000,600,---,---,0,128.5442,5.1271,551,126.3713,5.4605,600,90.2096,90.6095,89.6023,0.1930,600,10.57287,10.65066,10.53774,0.02272,600,1005.1055,1005.4872,1004.7365,0.1338,600,3.4184,3.4248,3.4123,0.0022,600,0.9021,0.9061,0.8960,0.0019,600,0.40573,0.40651,0.40538,0.00023,600,0.0000,0.0000,0.0000,0.0000,600,0.0000,0.0000,0.0000,0.0000,600,0.0000,0.0000,0.0000,0.0000,600,0.0000,0.0000,0.0000,0.0000,600,0.0000,0.0000,0.0000,0.0000,600,0.0000,0.0000,0.0000,0.0000,600,---,---,---,---,0,718.3430,764,652,14.6080,551,712.1667,754,665,15.5544,600,12.57,12.96,12.01,24.3533,27,23,12.0,6696844
2018-10-16 09:40:00,0.0000,0.0000,0.0000,0.0000,600,0.0000,0.0000,0.0000,0.0000,600,0.0000,0.0000,0.0000,0.0000,600,0.0000,0.0000,0.0000,0.0000,600,0.0000,0.0000,0.0000,0.0000,600,0.0000,0.0000,0.0000,0.0000,600,---,---,0,126.4541,6.1282,569,125.2665,6.7291,600,89.7146,90.7315,88.5342,0.5047,600,10.76600,10.84292,10.64760,0.04688,600,1005.2238,1005.5055,1004.7731,0.1445,600,3.4204,3.4251,3.4129,0.0024,600,0.8971,0.9073,0.8853,0.0050,600,0.40766,0.40843,0.40648,0.00047,600,0.0000,0.0000,0.0000,0.0000,600,0.0000,0.0000,0.0000,0.0000,600,0.0000,0.0000,0.0000,0.0000,600,0.0000,0.0000,0.0000,0.0000,600,0.0000,0.0000,0.0000,0.0000,600,0.0000,0.0000,0.0000,0.0000,600,---,---,---,---,0,712.4077,771,664,17.4608,569,709.0383,785,651,19.1846,600,12.70,12.96,12.51,24.4200,27,23,12.0,6696906
2018-10-16 09:50:00,0.0000,0.0000,0.0000,0.0000,600,0.0000,0.0000,0.0000,0.0000,600,0.0000,0.0000,0.0000,0.0000,600,0.0000,0.0000,0.0000,0.0000,600,0.0000,0.0000,0.0000,0.0000,600,0.0000,0.0000,0.0000,0.0000,600,---,---,0,127.9861,7.1691,587,126.5176,7.1910,600,89.1194,90.1212,88.5952,0.4031,600,10.82077,10.87649,10.77273,0.02039,600,1005.2544,1005.5055,1004.9196,0.1168,600,3.4209,3.4251,3.4153,0.0019,600,0.8912,0.9012,0.8860,0.0040,600,0.40821,0.40876,0.40773,0.00020,600,0.0000,0.0000,0.0000,0.0000,600,0.0000,0.0000,0.0000,0.0000,600,0.0000,0.0000,0.0000,0.0000,600,0.0000,0.0000,0.0000,0.0000,600,0.0000,0.0000,0.0000,0.0000,600,0.0000,0.0000,0.0000,0.0000,600,---,---,---,---,0,716.7547,777,656,20.4318,587,712.6050,783,648,20.4975,600,12.52,12.61,12.46,24.8633,27,23,12.9,6696967
2018-10-16 10:00:00,0.0000,0.0000,0.0000,0.0000,600,0.0000,0.0000,0.0000,0.0000,600,0.0000,0.0000,0.0000,0.0000,600,0.0000,0.0000,0.0000,0.0000,600,0.0000,0.0000,0.0000,0.0000,600,0.0000,0.0000,0.0000,0.0000,600,---,---,0,124.2041,6.7172,598,121.7990,7.8589,600,88.6653,89.2972,88.0459,0.3557,600,10.83287,10.89785,10.76968,0.03433,600,1005.1267,1005.4689,1004.7548,0.1261,600,3.4188,3.4245,3.4126,0.0021,600,0.8867,0.8930,0.8805,0.0036,600,0.40833,0.40898,0.40770,0.00034,600,0.0000,0.0000,0.0000,0.0000,600,0.0000,0.0000,0.0000,0.0000,600,0.0000,0.0000,0.0000,0.0000,600,0.0000,0.0000,0.0000,0.0000,600,0.0000,0.0000,0.0000,0.0000,600,0.0000,0.0000,0.0000,0.0000,600,---,---,---,---,0,706.0084,763,642,19.1381,598,699.1733,758,636,22.3947,600,12.60,12.71,12.51,24.7367,27,23,13.0,6697028
2018-10-16 10:10:00,0.0000,0.0000,0.0000,0.0000,600,0.0000,0.0000,0.0000,0.0000,600,0.0000,0.0000,0.0000,0.0000,600,0.0000,0.0000,0.0000,0.0000,600,0.0000,0.0000,0.0000,0.0000,600,0.0000,0.0000,0.0000,0.0000,600,---,---,0,123.7030,5.8538,596,122.5668,6.2713,600,88.0833,89.0835,87.0388,0.5813,600,10.96655,11.07486,10.87344,0.06286,600,1005.1676,1005.4872,1004.7731,0.1374,600,3.4195,3.4248,3.4129,0.0023,600,0.8808,0.8908,0.8704,0.0058,600,0.40967,0.41075,0.40873,0.00063,600,0.0000,0.0000,0.0000,0.0000,600,0.0000,0.0000,0.0000,0.0000,600,0.0000,0.0000,0.0000,0.0000,600,0.0000,0.0000,0.0000,0.0000,600,0.0000,0.0000,0.0000,0.0000,600,0.0000,0.0000,0.0000,0.0000,600,---,---,---,---,0,704.5688,749,649,16.6805,596,701.3417,744,639,17.8666,600,12.64,12.71,12.56,24.6167,27,23,13.0,6697089
2018-10-16 10:20:00,0.0000,0.0000,0.0000,0.0000,600,0.0000,0.0000,0.0000,0.0000,600,0.0000,0.0000,0.0000,0.0000,600,0.0000,0.0000,0.0000,0.0000,600,0.0000,0.0000,0.0000,0.0000,600,0.0000,0.0000,0.0000,0.0000,600,---,---,0,125.8839,7.5760,565,123.6291,7.8753,600,87.8864,88.8089,87.1609,0.3274,600,11.03945,11.17557,10.88565,0.09061,600,1005.2334,1005.5055,1004.9196,0.1042,600,3.4206,3.4251,3.4153,0.0017,600,0.8789,0.8881,0.8716,0.0033,600,0.41039,0.41176,0.40886,0.00091,600,0.0000,0.0000,0.0000,0.0000,600,0.0000,0.0000,0.0000,0.0000,600,0.0000,0.0000,0.0000,0.0000,600,0.0000,0.0000,0.0000,0.0000,600,0.0000,0.0000,0.0000,0.0000,600,0.0000,0.0000,0.0000,0.0000,600,---,---,---,---,0,710.7965,780,632,21.5960,565,704.3783,782,636,22.4493,600,12.67,12.76,12.56,24.6400,27,23,13.0,6697151
2018-10-16 10:30:00,0.0000,0.0000,0.0000,0.0000,600,0.0000,0.0000,0.0000,0.0000,600,0.0000,0.0000,0.0000,0.0000,600,0.0000,0.0000,0.0000,0.0000,600,0.0000,0.0000,0.0000,0.0000,600,0.0000,0.0000,0.0000,0.0000,600,---,---,0,127.5508,5.3896,536,125.1531,6.2666,600,87.0436,87.8018,86.3979,0.3052,600,11.11481,11.21525,11.04739,0.04930,600,1005.2613,1005.5055,1004.9196,0.1206,600,3.4210,3.4251,3.4153,0.0020,600,0.8704,0.8780,0.8640,0.0031,600,0.41115,0.41215,0.41047,0.00049,600,0.0000,0.0000,0.0000,0.0000,600,0.0000,0.0000,0.0000,0.0000,600,0.0000,0.0000,0.0000,0.0000,600,0.0000,0.0000,0.0000,0.0000,600,0.0000,0.0000,0.0000,0.0000,600,0.0000,0.0000,0.0000,0.0000,600,---,---,---,---,0,715.5187,757,671,15.3525,536,708.7100,770,655,17.8548,600,12.69,12.81,12.61,24.4700,27,23,13.0,6697212
2018-10-16 10:40:00,0.0000,0.0000,0.0000,0.0000,600,0.0000,0.0000,0.0000,0.0000,600,0.0000,0.0000,0.0000,0.0000,600,0.0000,0.0000,0.0000,0.0000,600,0.0000,0.0000,0.0000,0.0000,600,0.0000,0.0000,0.0000,0.0000,600,---,---,0,122.5862,6.0678,376,119.9834,6.0163,600,86.8866,87.5271,85.8180,0.3762,600,11.18770,11.41667,11.04739,0.12519,600,1005.1764,1005.4872,1004.9196,0.1002,600,3.4196,3.4248,3.4153,0.0017,600,0.8689,0.8753,0.8582,0.0038,600,0.41188,0.41417,0.41047,0.00125,600,0.0000,0.0000,0.0000,0.0000,600,0.0000,0.0000,0.0000,0.0000,600,0.0000,0.0000,0.0000,0.0000,600,0.0000,0.0000,0.0000,0.0000,600,0.0000,0.0000,0.0000,0.0000,600,0.0000,0.0000,0.0000,0.0000,600,---,---,---,---,0,701.3989,761,643,17.2963,376,694.0050,760,646,17.1412,600,12.78,12.86,12.66,24.0533,27,23,13.0,6697273
2018-10-16 10:50:00,0.0000,0.0000,0.0000,0.0000,600,0.0000,0.0000,0.0000,0.0000,600,0.0000,0.0000,0.0000,0.0000,600,0.0000,0.0000,0.0000,0.0000,600,0.0000,0.0000,0.0000,0.0000,600,0.0000,0.0000,0.0000,0.0000,600,---,---,0,124.6387,5.4314,475,121.9100,5.8856,600,85.9518,86.7946,85.3298,0.3576,600,11.34097,11.40446,11.28239,0.02735,600,1005.3106,1005.6703,1005.1210,0.0966,600,3.4218,3.4278,3.4187,0.0016,600,0.8595,0.8679,0.8533,0.0036,600,0.41341,0.41404,0.41282,0.00027,600,0.0000,0.0000,0.0000,0.0000,600,0.0000,0.0000,0.0000,0.0000,600,0.0000,0.0000,0.0000,0.0000,600,0.0000,0.0000,0.0000,0.0000,600,0.0000,0.0000,0.0000,0.0000,600,0.0000,0.0000,0.0000,0.0000,600,---,---,---,---,0,707.2274,761,626,15.4841,475,699.4667,742,644,16.7670,600,12.80,12.91,12.71,23.9167,27,23,13.2,6697335
2018-10-16 11:00:00,0.0000,0.0000,0.0000,0.0000,600,0.0000,0.0000,0.0000,0.0000,600,0.0000,0.0000,0.0000,0.0000,600,0.0000,0.0000,0.0000,0.0000,600,0.0000,0.0000,0.0000,0.0000,600,0.0000,0.0000,0.0000,0.0000,600,---,---,0,125.2306,4.2492,582,123.1434,4.2720,600,85.6186,86.4589,84.6278,0.4293,600,11.38444,11.46245,11.31901,0.03663,600,1005.3175,1005.6703,1004.9379,0.0995,600,3.4220,3.4278,3.4156,0.0017,600,0.8562,0.8646,0.8463,0.0043,600,0.41384,0.41462,0.41319,0.00037,600,0.0000,0.0000,0.0000,0.0000,600,0.0000,0.0000,0.0000,0.0000,600,0.0000,0.0000,0.0000,0.0000,600,0.0000,0.0000,0.0000,0.0000,600,0.0000,0.0000,0.0000,0.0000,600,0.0000,0.0000,0.0000,0.0000,600,---,---,---,---,0,708.9244,749,672,12.1034,582,702.9867,740,656,12.1691,600,12.72,12.76,12.66,24.4200,27,23,14.0,6697396
2018-10-16 11:10:00,0.0000,0.0000,0.0000,0.0000,600,0.0000,0.0000,0.0000,0.0000,600,0.0000,0.0000,0.0000,0.0000,600,0.0000,0.0000,0.0000,0.0000,600,0.0000,0.0000,0.0000,0.0000,600,0.0000,0.0000,0.0000,0.0000,600,---,---,0,126.9329,4.8457,574,124.3987,5.0056,600,85.2921,86.2758,84.6889,0.3905,600,11.41590,11.58147,11.30985,0.08768,600,1005.2505,1005.5055,1004.7731,0.1292,600,3.4208,3.4251,3.4129,0.0022,600,0.8529,0.8628,0.8469,0.0039,600,0.41416,0.41581,0.41310,0.00088,600,0.0000,0.0000,0.0000,0.0000,600,0.0000,0.0000,0.0000,0.0000,600,0.0000,0.0000,0.0000,0.0000,600,0.0000,0.0000,0.0000,0.0000,600,0.0000,0.0000,0.0000,0.0000,600,0.0000,0.0000,0.0000,0.0000,600,---,---,---,---,0,713.7718,764,666,13.8055,574,706.5667,756,672,14.2588,600,12.85,13.21,12.71,23.8133,27,23,14.0,6697457
2018-10-16 11:20:00,0.0000,0.0000,0.0000,0.0000,600,0.0000,0.0000,0.0000,0.0000,600,0.0000,0.0000,0.0000,0.0000,600,0.0000,0.0000,0.0000,0.0000,600,0.0000,0.0000,0.0000,0.0000,600,0.0000,0.0000,0.0000,0.0000,600,---,---,0,127.3829,5.2933,599,125.8997,5.5160,600,84.7437,85.8486,83.4681,0.6504,600,11.79509,11.96905,11.57231,0.13830,600,1005.1493,1005.5055,1004.7731,0.1226,600,3.4192,3.4251,3.4129,0.0020,600,0.8474,0.8585,0.8347,0.0065,600,0.41795,0.41969,0.41572,0.00138,600,0.0000,0.0000,0.0000,0.0000,600,0.0000,0.0000,0.0000,0.0000,600,0.0000,0.0000,0.0000,0.0000,600,0.0000,0.0000,0.0000,0.0000,600,0.0000,0.0000,0.0000,0.0000,600,0.0000,0.0000,0.0000,0.0000,600,---,---,---,---,0,715.0334,757,651,15.0845,599,710.8167,775,635,15.7234,600,13.23,13.66,13.01,23.1167,25,21,14.0,6697519
2018-10-16 11:30:00,0.0000,0.0000,0.0000,0.0000,600,0.0000,0.0000,0.0000,0.0000,600,0.0000,0.0000,0.0000,0.0000,600,0.0000,0.0000,0.0000,0.0000,600,0.0000,0.0000,0.0000,0.0000,600,0.0000,0.0000,0.0000,0.0000,600,---,---,0,127.2967,5.3982,600,124.4084,5.3836,600,83.8879,84.5668,83.2240,0.2586,600,11.89696,12.04535,11.81646,0.05862,600,1005.0969,1005.5055,1004.6083,0.1630,600,3.4183,3.4251,3.4101,0.0027,600,0.8389,0.8457,0.8322,0.0026,600,0.41897,0.42045,0.41816,0.00059,600,0.0000,0.0000,0.0000,0.0000,600,0.0000,0.0000,0.0000,0.0000,600,0.0000,0.0000,0.0000,0.0000,600,0.0000,0.0000,0.0000,0.0000,600,0.0000,0.0000,0.0000,0.0000,600,0.0000,0.0000,0.0000,0.0000,600,---,---,---,---,0,714.8167,780,659,15.3894,600,706.6000,768,655,15.3455,600,13.10,13.36,12.96,23.1733,25,21,14.0,6697580
2018-10-16 11:40:00,0.0000,0.0000,0.0000,0.0000,600,0.0000,0.0000,0.0000,0.0000,600,0.0000,0.0000,0.0000,0.0000,600,0.0000,0.0000,0.0000,0.0000,600,0.0000,0.0000,0.0000,0.0000,600,0.0000,0.0000,0.0000,0.0000,600,---,---,0,127.0733,5.8301,600,125.5831,6.0967,600,83.0778,84.2921,81.7286,0.5982,600,12.13434,12.28339,12.04230,0.07105,600,1004.9070,1005.1576,1004.6083,0.0933,600,3.4151,3.4193,3.4101,0.0016,600,0.8308,0.8429,0.8173,0.0060,600,0.42134,0.42283,0.42042,0.00071,600,0.0000,0.0000,0.0000,0.0000,600,0.0000,0.0000,0.0000,0.0000,600,0.0000,0.0000,0.0000,0.0000,600,0.0000,0.0000,0.0000,0.0000,600,0.0000,0.0000,0.0000,0.0000,600,0.0000,0.0000,0.0000,0.0000,600,---,---,---,---,0,714.1467,765,646,16.6152,600,709.9117,766,648,17.3777,600,13.22,13.61,13.06,23.1067,25,21,15.0,6697641
2018-10-16 11:50:00,0.0000,0.0000,0.0000,0.0000,600,0.0000,0.0000,0.0000,0.0000,600,0.0000,0.0000,0.0000,0.0000,600,0.0000,0.0000,0.0000,0.0000,600,0.0000,0.0000,0.0000,0.0000,600,0.0000,0.0000,0.0000,0.0000,600,---,---,0,124.2664,7.2295,600,122.1927,6.9254,600,82.0224,83.4681,81.1487,0.6260,600,12.28395,12.39326,12.16742,0.06339,600,1004.8772,1005.1759,1004.6083,0.1251,600,3.4146,3.4196,3.4101,0.0021,600,0.8202,0.8347,0.8115,0.0063,600,0.42284,0.42393,0.42167,0.00063,600,0.0000,0.0000,0.0000,0.0000,600,0.0000,0.0000,0.0000,0.0000,600,0.0000,0.0000,0.0000,0.0000,600,0.0000,0.0000,0.0000,0.0000,600,0.0000,0.0000,0.0000,0.0000,600,0.0000,0.0000,0.0000,0.0000,600,---,---,---,---,0,706.1567,786,608,20.6282,600,700.2800,763,625,19.7430,600,13.07,13.26,12.91,23.2300,27,21,15.0,6697703
2018-10-16 12:00:00,0.0000,0.0000,0.0000,0.0000,600,0.0000,0.0000,0.0000,0.0000,600,0.0000,0.0000,0.0000,0.0000,600,0.0000,0.0000,0.0000,0.0000,600,0.0000,0.0000,0.0000,0.0000,600,0.0000,0.0000,0.0000,0.0000,600,---,---,0,127.3368,4.2374,598,124.9410,4.3987,600,81.5681,82.3389,80.7825,0.3660,600,12.12884,12.20710,12.03314,0.04872,600,1004.7288,1005.1576,1004.4252,0.1250,600,3.4121,3.4193,3.4071,0.0021,600,0.8157,0.8234,0.8078,0.0037,600,0.42129,0.42207,0.42033,0.00049,600,0.0000,0.0000,0.0000,0.0000,600,0.0000,0.0000,0.0000,0.0000,600,0.0000,0.0000,0.0000,0.0000,600,0.0000,0.0000,0.0000,0.0000,600,0.0000,0.0000,0.0000,0.0000,600,0.0000,0.0000,0.0000,0.0000,600,---,---,---,---,0,714.9130,754,675,12.0683,598,708.1000,748,655,12.5295,600,13.19,13.41,13.01,23.1200,25,21,15.0,6697766
2018-10-16 12:10:00,0.0000,0.0000,0.0000,0.0000,600,0.0000,0.0000,0.0000,0.0000,600,0.0000,0.0000,0.0000,0.0000,600,0.0000,0.0000,0.0000,0.0000,600,0.0000,0.0000,0.0000,0.0000,600,0.0000,0.0000,0.0000,0.0000,600,---,---,0,131.0045,6.2575,600,128.9815,6.5773,600,81.3510,82.0338,80.2332,0.4975,600,12.36215,12.53059,12.19184,0.08827,600,1004.5798,1004.8097,1004.0590,0.1312,600,3.4097,3.4135,3.4010,0.0022,600,0.8135,0.8203,0.8023,0.0050,600,0.42362,0.42531,0.42192,0.00088,600,0.0000,0.0000,0.0000,0.0000,600,0.0000,0.0000,0.0000,0.0000,600,0.0000,0.0000,0.0000,0.0000,600,0.0000,0.0000,0.0000,0.0000,600,0.0000,0.0000,0.0000,0.0000,600,0.0000,0.0000,0.0000,0.0000,600,---,---,---,---,0,725.3650,780,677,17.8305,600,719.6083,783,668,18.7428,600,13.20,13.51,12.96,23.0833,25,21,15.0,6697827
2018-10-16 12:20:00,0.0000,0.0000,0.0000,0.0000,600,0.0000,0.0000,0.0000,0.0000,600,0.0000,0.0000,0.0000,0.0000,600,0.0000,0.0000,0.0000,0.0000,600,0.0000,0.0000,0.0000,0.0000,600,0.0000,0.0000,0.0000,0.0000,600,---,---,0,131.2206,5.2393,459,129.7211,5.7554,600,80.6874,81.6370,80.0500,0.4025,600,12.70691,12.98227,12.52144,0.12607,600,1004.3072,1004.6449,1004.0590,0.1164,600,3.4051,3.4107,3.4010,0.0019,600,0.8069,0.8164,0.8005,0.0040,600,0.42707,0.42982,0.42521,0.00126,600,0.0000,0.0000,0.0000,0.0000,600,0.0000,0.0000,0.0000,0.0000,600,0.0000,0.0000,0.0000,0.0000,600,0.0000,0.0000,0.0000,0.0000,600,0.0000,0.0000,0.0000,0.0000,600,0.0000,0.0000,0.0000,0.0000,600,---,---,---,---,0,734.0911,3242,678,131.2966,461,721.6850,763,672,16.3957,600,13.84,14.26,13.36,22.0300,25,19,15.0,6697888
2018-10-16 12:30:00,0.0009,0.2786,0.0000,0.0161,600,0.0009,0.2744,0.0000,0.0158,600,0.0009,0.2827,0.0000,0.0163,600,0.0010,0.2868,0.0000,0.0165,600,0.0005,0.2793,0.0000,0.0114,600,0.0009,0.2563,0.0000,0.0148,600,---,---,0,127.7568,6.6947,421,127.0122,7.6959,600,79.2819,80.5994,78.5546,0.4027,600,13.02385,13.18369,12.94565,0.06046,600,1004.1388,1004.4618,1003.8759,0.1173,600,3.4023,3.4077,3.3979,0.0020,600,0.7928,0.8060,0.7855,0.0040,600,0.43024,0.43184,0.42946,0.00060,600,0.0033,1.0000,0.0000,0.0577,600,0.0033,1.0000,0.0000,0.0577,600,0.0033,1.0000,0.0000,0.0577,600,0.0033,1.0000,0.0000,0.0577,600,0.0017,1.0000,0.0000,0.0408,600,0.0033,1.0000,0.0000,0.0577,600,---,---,---,---,0,716.0974,767,659,19.0850,421,713.9733,780,630,21.9458,600,13.97,14.26,13.46,21.7100,25,19,15.9,6697950
2018-10-16 12:40:00,0.0039,0.5086,0.0000,0.0366,600,0.0038,0.5046,0.0000,0.0362,600,0.0039,0.5125,0.0000,0.0370,600,0.0035,0.5169,0.0000,0.0356,600,0.0025,0.3714,0.0000,0.0273,600,0.0035,0.4409,0.0000,0.0333,600,---,---,0,126.9392,7.5768,482,124.3384,7.8134,600,77.9922,79.1345,76.9066,0.5249,600,13.17849,13.27525,13.08298,0.06384,600,1004.0274,1004.2970,1003.7111,0.1084,600,3.4005,3.4050,3.3952,0.0018,600,0.7799,0.7913,0.7691,0.0052,600,0.43178,0.43275,0.43083,0.00064,600,0.0250,6.0000,0.0000,0.2964,600,0.0250,6.0000,0.0000,0.2964,600,0.0250,6.0000,0.0000,0.2964,600,0.0233,6.0000,0.0000,0.2937,600,0.0117,3.0000,0.0000,0.1469,600,0.0233,5.0000,0.0000,0.2638,600,---,---,---,---,0,716.7371,2132,650,68.0415,483,706.4133,777,654,22.2650,600,13.76,14.21,13.31,22.2000,25,19,16.0,6698011
2018-10-16 12:50:00,0.0005,0.2786,0.0000,0.0114,600,0.0005,0.2744,0.0000,0.0112,600,0.0005,0.2827,0.0000,0.0115,600,0.0005,0.2868,0.0000,0.0117,600,0.0005,0.2793,0.0000,0.0114,600,0.0004,0.2563,0.0000,0.0105,600,---,---,0,125.8200,10.8839,235,123.4755,5.2398,600,76.8072,77.7306,75.9301,0.3531,600,13.13829,13.25693,13.04636,0.05347,600,1004.0466,1004.2970,1003.6927,0.1217,600,3.4008,3.4050,3.3949,0.0020,600,0.7681,0.7773,0.7593,0.0035,600,0.43138,0.43257,0.43046,0.00053,600,0.0017,1.0000,0.0000,0.0408,600,0.0017,1.0000,0.0000,0.0408,600,0.0017,1.0000,0.0000,0.0408,600,0.0017,1.0000,0.0000,0.0408,600,0.0017,1.0000,0.0000,0.0408,600,0.0017,1.0000,0.0000,0.0408,600,---,---,---,---,0,829.4405,3930,660,473.0695,252,703.9283,759,655,14.9283,600,13.41,13.51,13.26,22.9167,25,21,16.0,6698072
2018-10-16 13:00:00,0.0032,0.5086,0.0000,0.0334,600,0.0032,0.4586,0.0000,0.0326,600,0.0032,0.4206,0.0000,0.0323,600,0.0033,0.5169,0.0000,0.0335,600,0.0024,0.3253,0.0000,0.0263,600,0.0024,0.3947,0.0000,0.0263,600,---,---,0,---,---,0,122.3851,8.2589,600,76.5531,77.6086,75.7469,0.5225,600,13.15342,13.43089,13.00668,0.13208,600,1003.8570,1004.0956,1003.5279,0.0888,600,3.3976,3.4016,3.3921,0.0015,600,0.7655,0.7761,0.7575,0.0052,600,0.43153,0.43431,0.43007,0.00132,600,0.0200,6.0000,0.0000,0.2703,600,0.0200,5.0000,0.0000,0.2443,600,0.0183,4.0000,0.0000,0.2115,600,0.0183,6.0000,0.0000,0.2610,600,0.0100,2.0000,0.0000,0.1151,600,0.0133,4.0000,0.0000,0.1822,600,---,---,---,---,0,1961.0000,1961,1961,---,1,700.8250,778,623,23.5460,600,13.86,14.21,13.46,21.7167,25,19,16.0,6698134
2018-10-16 13:10:00,0.0029,0.7386,0.0000,0.0387,600,0.0028,0.6887,0.0000,0.0369,600,0.0032,0.8803,0.0000,0.0437,600,0.0030,0.7009,0.0000,0.0386,600,0.0022,0.4174,0.0000,0.0269,600,0.0025,0.5332,0.0000,0.0315,600,---,---,0,---,---,0,125.4445,6.4532,600,75.3378,76.9677,74.3431,0.5433,600,13.28841,13.51329,13.05857,0.13397,600,1003.7254,1004.0956,1003.3448,0.1517,600,3.3954,3.4016,3.3891,0.0025,600,0.7534,0.7697,0.7434,0.0054,600,0.43288,0.43513,0.43059,0.00134,600,0.0300,11.0000,0.0000,0.4860,600,0.0283,10.0000,0.0000,0.4486,600,0.0350,14.0000,0.0000,0.6091,600,0.0300,10.0000,0.0000,0.4577,600,0.0133,4.0000,0.0000,0.1912,600,0.0233,7.0000,0.0000,0.3411,600,---,---,---,---,0,---,---,---,---,0,709.5367,759,657,18.3797,600,14.05,14.21,13.76,21.3167,25,19,16.6,6698195
2018-10-16 13:20:00,0.0000,0.0000,0.0000,0.0000,600,0.0000,0.0000,0.0000,0.0000,600,0.0000,0.0000,0.0000,0.0000,600,0.0000,0.0000,0.0000,0.0000,600,0.0005,0.2793,0.0000,0.0114,600,0.0000,0.0000,0.0000,0.0000,600,---,---,0,---,---,0,124.3875,6.0718,600,75.4474,76.4183,74.7093,0.4297,600,13.16185,13.26609,12.99753,0.09240,600,1003.4737,1003.7294,1003.1617,0.1133,600,3.3912,3.3955,3.3860,0.0019,600,0.7545,0.7642,0.7471,0.0043,600,0.43162,0.43266,0.42998,0.00092,600,0.0000,0.0000,0.0000,0.0000,600,0.0000,0.0000,0.0000,0.0000,600,0.0000,0.0000,0.0000,0.0000,600,0.0000,0.0000,0.0000,0.0000,600,0.0017,1.0000,0.0000,0.0408,600,0.0000,0.0000,0.0000,0.0000,600,---,---,---,---,0,---,---,---,---,0,706.5183,761,647,17.2964,600,14.14,14.21,14.06,21.1400,23,19,17.0,6698256
2018-10-16 13:30:00,0.0000,0.0000,0.0000,0.0000,600,0.0000,0.0000,0.0000,0.0000,600,0.0000,0.0000,0.0000,0.0000,600,0.0000,0.0000,0.0000,0.0000,600,0.0000,0.0000,0.0000,0.0000,600,0.0000,0.0000,0.0000,0.0000,600,---,---,0,---,---,0,132.7588,6.9721,600,75.1544,75.9911,74.0074,0.4926,600,13.44871,13.66893,13.25388,0.12120,600,1003.3276,1003.7111,1002.9969,0.1088,600,3.3888,3.3952,3.3833,0.0018,600,0.7515,0.7599,0.7401,0.0049,600,0.43449,0.43669,0.43254,0.00121,600,0.0000,0.0000,0.0000,0.0000,600,0.0000,0.0000,0.0000,0.0000,600,0.0000,0.0000,0.0000,0.0000,600,0.0000,0.0000,0.0000,0.0000,600,0.0000,0.0000,0.0000,0.0000,600,0.0000,0.0000,0.0000,0.0000,600,---,---,---,---,0,---,---,---,---,0,730.3333,797,651,19.8788,600,14.11,14.21,14.01,21.1667,23,19,17.0,6698318
2018-10-16 13:40:00,0.0000,0.0000,0.0000,0.0000,600,0.0000,0.0000,0.0000,0.0000,600,0.0000,0.0000,0.0000,0.0000,600,0.0000,0.0000,0.0000,0.0000,600,0.0000,0.0000,0.0000,0.0000,600,0.0000,0.0000,0.0000,0.0000,600,---,---,0,---,---,0,128.9674,6.7754,600,74.3572,75.1976,73.5496,0.4112,600,13.53007,13.61400,13.44920,0.04628,600,1003.3162,1003.5463,1002.9786,0.1139,600,3.3886,3.3924,3.3830,0.0019,600,0.7436,0.7520,0.7355,0.0041,600,0.43530,0.43614,0.43449,0.00046,600,0.0000,0.0000,0.0000,0.0000,600,0.0000,0.0000,0.0000,0.0000,600,0.0000,0.0000,0.0000,0.0000,600,0.0000,0.0000,0.0000,0.0000,600,0.0000,0.0000,0.0000,0.0000,600,0.0000,0.0000,0.0000,0.0000,600,---,---,---,---,0,---,---,---,---,0,719.5817,800,669,19.3175,600,14.13,14.21,14.01,21.1633,23,19,17.0,6698379
2018-10-16 13:50:00,0.0000,0.0000,0.0000,0.0000,600,0.0000,0.0000,0.0000,0.0000,600,0.0000,0.0000,0.0000,0.0000,600,0.0000,0.0000,0.0000,0.0000,600,0.0000,0.0000,0.0000,0.0000,600,0.0000,0.0000,0.0000,0.0000,600,---,---,0,---,---,0,122.6451,5.5325,600,73.7874,74.5872,73.0613,0.3938,600,13.57485,13.65673,13.47057,0.04342,600,1003.2271,1003.5463,1002.7955,0.1072,600,3.3871,3.3924,3.3799,0.0018,600,0.7379,0.7459,0.7306,0.0039,600,0.43575,0.43657,0.43471,0.00043,600,0.0000,0.0000,0.0000,0.0000,600,0.0000,0.0000,0.0000,0.0000,600,0.0000,0.0000,0.0000,0.0000,600,0.0000,0.0000,0.0000,0.0000,600,0.0000,0.0000,0.0000,0.0000,600,0.0000,0.0000,0.0000,0.0000,600,---,---,---,---,0,---,---,---,---,0,701.5667,763,656,15.7610,600,14.15,14.21,14.06,21.1467,23,19,17.0,6698440
2018-10-16 14:00:00,0.0000,0.0000,0.0000,0.0000,600,0.0000,0.0000,0.0000,0.0000,600,0.0000,0.0000,0.0000,0.0000,600,0.0000,0.0000,0.0000,0.0000,600,0.0000,0.0000,0.0000,0.0000,600,0.0000,0.0000,0.0000,0.0000,600,---,---,0,---,---,0,129.6988,8.2900,600,73.9338,74.6178,73.4886,0.2154,600,13.48922,13.55602,13.45225,0.02359,600,1003.3882,1003.7294,1003.1434,0.1051,600,3.3898,3.3955,3.3857,0.0018,600,0.7393,0.7462,0.7349,0.0022,600,0.43489,0.43556,0.43452,0.00024,600,0.0000,0.0000,0.0000,0.0000,600,0.0000,0.0000,0.0000,0.0000,600,0.0000,0.0000,0.0000,0.0000,600,0.0000,0.0000,0.0000,0.0000,600,0.0000,0.0000,0.0000,0.0000,600,0.0000,0.0000,0.0000,0.0000,600,---,---,---,---,0,---,---,---,---,0,721.6167,770,660,23.6133,600,14.15,14.21,14.11,21.1533,23,19,17.0,6698502
2018-10-16 14:10:00,0.0000,0.0000,0.0000,0.0000,600,0.0000,0.0000,0.0000,0.0000,600,0.0000,0.0000,0.0000,0.0000,600,0.0000,0.0000,0.0000,0.0000,600,0.0000,0.0000,0.0000,0.0000,600,0.0000,0.0000,0.0000,0.0000,600,---,---,0,---,---,0,121.3671,8.7069,600,73.7826,74.3431,73.1834,0.3032,600,13.50199,13.55297,13.45836,0.02432,600,1003.3808,1003.7294,1003.1434,0.1079,600,3.3897,3.3955,3.3857,0.0018,600,0.7378,0.7434,0.7318,0.0030,600,0.43502,0.43553,0.43458,0.00024,600,0.0000,0.0000,0.0000,0.0000,600,0.0000,0.0000,0.0000,0.0000,600,0.0000,0.0000,0.0000,0.0000,600,0.0000,0.0000,0.0000,0.0000,600,0.0000,0.0000,0.0000,0.0000,600,0.0000,0.0000,0.0000,0.0000,600,---,---,---,---,0,---,---,---,---,0,698.0100,786,639,24.8376,600,14.15,14.21,14.11,21.1300,23,19,17.0,6698563
2018-10-16 14:20:00,0.0005,0.2786,0.0000,0.0114,600,0.0005,0.2744,0.0000,0.0112,600,0.0005,0.2827,0.0000,0.0115,600,0.0005,0.2868,0.0000,0.0117,600,0.0000,0.0000,0.0000,0.0000,600,0.0000,0.0000,0.0000,0.0000,600,---,---,0,115.4141,---,1,115.6938,5.8456,600,74.1294,75.1061,73.3360,0.5102,600,13.40397,13.53160,13.32102,0.05443,600,1003.3762,1003.7111,1003.1617,0.1009,600,3.3896,3.3952,3.3860,0.0017,600,0.7413,0.7511,0.7334,0.0051,600,0.43404,0.43532,0.43321,0.00054,600,0.0017,1.0000,0.0000,0.0408,600,0.0017,1.0000,0.0000,0.0408,600,0.0017,1.0000,0.0000,0.0408,600,0.0017,1.0000,0.0000,0.0408,600,0.0000,0.0000,0.0000,0.0000,600,0.0000,0.0000,0.0000,0.0000,600,---,---,---,---,0,681.0000,681,681,---,1,681.7733,724,610,16.6626,600,13.65,14.16,13.41,22.4900,25,21,17.0,6698624
2018-10-16 14:30:00,0.0005,0.2786,0.0000,0.0114,600,0.0005,0.2744,0.0000,0.0112,600,0.0000,0.0000,0.0000,0.0000,600,0.0005,0.2868,0.0000,0.0117,600,0.0000,0.0000,0.0000,0.0000,600,0.0009,0.2563,0.0000,0.0148,600,---,---,0,119.6328,0.0000,2,117.2953,4.8192,600,74.1787,74.8619,73.3970,0.3801,600,13.34803,13.52550,13.23557,0.10036,600,1003.3308,1003.5646,1003.1434,0.1015,600,3.3888,3.3927,3.3857,0.0017,600,0.7418,0.7486,0.7340,0.0038,600,0.43348,0.43525,0.43236,0.00100,600,0.0017,1.0000,0.0000,0.0408,600,0.0017,1.0000,0.0000,0.0408,600,0.0000,0.0000,0.0000,0.0000,600,0.0017,1.0000,0.0000,0.0408,600,0.0000,0.0000,0.0000,0.0000,600,0.0033,1.0000,0.0000,0.0577,600,---,---,---,---,0,693.0000,693,693,0.0000,2,686.3533,746,648,13.7290,600,13.65,13.71,13.61,22.6700,25,21,17.0,6698685
2018-10-16 14:40:00,0.0000,0.0000,0.0000,0.0000,600,0.0000,0.0000,0.0000,0.0000,600,0.0000,0.0000,0.0000,0.0000,600,0.0000,0.0000,0.0000,0.0000,600,0.0000,0.0000,0.0000,0.0000,600,0.0000,0.0000,0.0000,0.0000,600,---,---,0,---,---,0,119.5191,4.7283,600,74.6681,75.0755,74.2515,0.2033,600,13.26845,13.31187,13.21726,0.02065,600,1003.3465,1003.7111,1002.9786,0.1205,600,3.3891,3.3952,3.3830,0.0020,600,0.7467,0.7508,0.7425,0.0020,600,0.43268,0.43312,0.43217,0.00021,600,0.0000,0.0000,0.0000,0.0000,600,0.0000,0.0000,0.0000,0.0000,600,0.0000,0.0000,0.0000,0.0000,600,0.0000,0.0000,0.0000,0.0000,600,0.0000,0.0000,0.0000,0.0000,600,0.0000,0.0000,0.0000,0.0000,600,---,---,---,---,0,3201.0000,3934,2218,865.1127,4,692.6933,755,655,13.4785,600,13.66,13.71,13.61,22.7167,25,21,17.0,6698748
2018-10-16 14:50:00,0.0000,0.0000,0.0000,0.0000,600,0.0000,0.0000,0.0000,0.0000,600,0.0000,0.0000,0.0000,0.0000,600,0.0000,0.0000,0.0000,0.0000,600,0.0000,0.0000,0.0000,0.0000,600,0.0000,0.0000,0.0000,0.0000,600,---,---,0,---,---,0,120.6986,6.4862,600,74.9073,75.5943,74.3126,0.3054,600,13.27850,13.34544,13.19285,0.04358,600,1003.3386,1003.7111,1003.1251,0.1171,600,3.3890,3.3952,3.3854,0.0020,600,0.7491,0.7559,0.7431,0.0031,600,0.43278,0.43345,0.43193,0.00044,600,0.0000,0.0000,0.0000,0.0000,600,0.0000,0.0000,0.0000,0.0000,600,0.0000,0.0000,0.0000,0.0000,600,0.0000,0.0000,0.0000,0.0000,600,0.0000,0.0000,0.0000,0.0000,600,0.0000,0.0000,0.0000,0.0000,600,---,---,---,---,0,---,---,---,---,0,696.0150,749,628,18.4833,600,13.65,13.71,13.61,22.6900,25,21,16.2,6698810
2018-10-16 15:00:00,0.0000,0.0000,0.0000,0.0000,600,0.0000,0.0000,0.0000,0.0000,600,0.0000,0.0000,0.0000,0.0000,600,0.0000,0.0000,0.0000,0.0000,600,0.0000,0.0000,0.0000,0.0000,600,0.0000,0.0000,0.0000,0.0000,600,---,---,0,---,---,0,128.9487,6.8999,600,74.9851,75.7164,74.3736,0.3403,600,13.22023,13.29356,13.15928,0.03906,600,1003.4899,1003.7111,1003.1434,0.1040,600,3.3915,3.3952,3.3857,0.0017,600,0.7499,0.7572,0.7437,0.0034,600,0.43220,0.43294,0.43159,0.00039,600,0.0000,0.0000,0.0000,0.0000,600,0.0000,0.0000,0.0000,0.0000,600,0.0000,0.0000,0.0000,0.0000,600,0.0000,0.0000,0.0000,0.0000,600,0.0000,0.0000,0.0000,0.0000,600,0.0000,0.0000,0.0000,0.0000,600,---,---,---,---,0,---,---,---,---,0,719.4933,779,657,19.6635,600,13.66,13.71,13.61,22.6900,25,21,16.0,6698871
2018-10-16 15:10:00,0.0000,0.0000,0.0000,0.0000,600,0.0000,0.0000,0.0000,0.0000,600,0.0000,0.0000,0.0000,0.0000,600,0.0000,0.0000,0.0000,0.0000,600,0.0000,0.0000,0.0000,0.0000,600,0.0000,0.0000,0.0000,0.0000,600,---,---,0,---,---,0,119.3942,4.9599,600,74.9486,75.7469,74.4652,0.2904,600,13.27524,13.35765,13.16538,0.05366,600,1003.5880,1003.8942,1003.3082,0.1174,600,3.3931,3.3982,3.3885,0.0020,600,0.7495,0.7575,0.7447,0.0029,600,0.43275,0.43358,0.43165,0.00054,600,0.0000,0.0000,0.0000,0.0000,600,0.0000,0.0000,0.0000,0.0000,600,0.0000,0.0000,0.0000,0.0000,600,0.0000,0.0000,0.0000,0.0000,600,0.0000,0.0000,0.0000,0.0000,600,0.0000,0.0000,0.0000,0.0000,600,---,---,---,---,0,---,---,---,---,0,692.3283,751,647,14.1314,600,13.66,13.71,13.61,22.5067,25,21,16.0,6698932
2018-10-16 15:20:00,0.0005,0.2786,0.0000,0.0114,600,0.0005,0.2744,0.0000,0.0112,600,0.0005,0.2827,0.0000,0.0115,600,0.0005,0.2868,0.0000,0.0117,600,0.0000,0.0000,0.0000,0.0000,600,0.0004,0.2563,0.0000,0.0105,600,---,---,0,---,---,0,125.7698,7.2845,600,75.2033,75.8995,74.8009,0.2283,600,13.21841,13.29356,13.14096,0.05089,600,1003.6285,1003.9125,1003.3265,0.1054,600,3.3938,3.3985,3.3888,0.0018,600,0.7520,0.7590,0.7480,0.0023,600,0.43218,0.43294,0.43141,0.00051,600,0.0017,1.0000,0.0000,0.0408,600,0.0017,1.0000,0.0000,0.0408,600,0.0017,1.0000,0.0000,0.0408,600,0.0017,1.0000,0.0000,0.0408,600,0.0000,0.0000,0.0000,0.0000,600,0.0017,1.0000,0.0000,0.0408,600,---,---,---,---,0,---,---,---,---,0,710.4483,779,659,20.7653,600,13.66,13.71,13.61,22.6100,25,21,16.0,6698994
2018-10-16 15:30:00,0.0000,0.0000,0.0000,0.0000,600,0.0000,0.0000,0.0000,0.0000,600,0.0000,0.0000,0.0000,0.0000,600,0.0000,0.0000,0.0000,0.0000,600,0.0000,0.0000,0.0000,0.0000,600,0.0000,0.0000,0.0000,0.0000,600,---,---,0,---,---,0,120.6153,4.7386,600,74.8726,75.4723,74.1905,0.3176,600,13.26400,13.34544,13.19590,0.03868,600,1003.4718,1003.7111,1003.1434,0.1095,600,3.3912,3.3952,3.3857,0.0018,600,0.7487,0.7547,0.7419,0.0032,600,0.43264,0.43345,0.43196,0.00039,600,0.0000,0.0000,0.0000,0.0000,600,0.0000,0.0000,0.0000,0.0000,600,0.0000,0.0000,0.0000,0.0000,600,0.0000,0.0000,0.0000,0.0000,600,0.0000,0.0000,0.0000,0.0000,600,0.0000,0.0000,0.0000,0.0000,600,---,---,---,---,0,---,---,---,---,0,695.8017,749,650,13.4979,600,13.66,13.71,13.61,22.6767,25,21,16.0,6699055
2018-10-16 15:40:00,0.0000,0.0000,0.0000,0.0000,600,0.0000,0.0000,0.0000,0.0000,600,0.0000,0.0000,0.0000,0.0000,600,0.0000,0.0000,0.0000,0.0000,600,0.0000,0.0000,0.0000,0.0000,600,0.0000,0.0000,0.0000,0.0000,600,---,---,0,---,---,0,124.1141,4.9024,600,74.7966,75.2892,74.4041,0.2282,600,13.28859,13.36680,13.21116,0.03930,600,1003.5537,1003.7111,1003.3082,0.0908,600,3.3926,3.3952,3.3885,0.0015,600,0.7480,0.7529,0.7440,0.0023,600,0.43289,0.43367,0.43211,0.00039,600,0.0000,0.0000,0.0000,0.0000,600,0.0000,0.0000,0.0000,0.0000,600,0.0000,0.0000,0.0000,0.0000,600,0.0000,0.0000,0.0000,0.0000,600,0.0000,0.0000,0.0000,0.0000,600,0.0000,0.0000,0.0000,0.0000,600,---,---,---,---,0,---,---,---,---,0,705.7567,761,653,13.9704,600,13.66,13.71,13.61,22.6600,25,21,16.0,6699116
2018-10-16 15:50:00,0.0000,0.0000,0.0000,0.0000,600,0.0000,0.0000,0.0000,0.0000,600,0.0000,0.0000,0.0000,0.0000,600,0.0000,0.0000,0.0000,0.0000,600,0.0000,0.0000,0.0000,0.0000,600,0.0000,0.0000,0.0000,0.0000,600,---,---,0,---,---,0,126.6465,8.1035,600,75.0359,75.5333,74.6483,0.2264,600,13.22472,13.30577,13.19285,0.02251,600,1003.6809,1003.9125,1003.3265,0.1111,600,3.3947,3.3985,3.3888,0.0019,600,0.7504,0.7553,0.7465,0.0023,600,0.43225,0.43306,0.43193,0.00023,600,0.0000,0.0000,0.0000,0.0000,600,0.0000,0.0000,0.0000,0.0000,600,0.0000,0.0000,0.0000,0.0000,600,0.0000,0.0000,0.0000,0.0000,600,0.0000,0.0000,0.0000,0.0000,600,0.0000,0.0000,0.0000,0.0000,600,---,---,---,---,0,---,---,---,---,0,712.9917,793,652,23.1020,600,13.61,13.71,13.21,22.7133,25,21,16.0,6699178
2018-10-16 16:00:00,0.0000,0.0000,0.0000,0.0000,600,0.0000,0.0000,0.0000,0.0000,600,0.0000,0.0000,0.0000,0.0000,600,0.0000,0.0000,0.0000,0.0000,600,0.0000,0.0000,0.0000,0.0000,600,0.0000,0.0000,0.0000,0.0000,600,---,---,0,---,---,0,125.8788,5.5086,600,75.0245,75.5333,74.6483,0.1921,600,13.26446,13.34849,13.15928,0.05797,600,1003.6439,1004.0773,1003.1617,0.1274,600,3.3941,3.4013,3.3860,0.0021,600,0.7502,0.7553,0.7465,0.0019,600,0.43264,0.43348,0.43159,0.00058,600,0.0000,0.0000,0.0000,0.0000,600,0.0000,0.0000,0.0000,0.0000,600,0.0000,0.0000,0.0000,0.0000,600,0.0000,0.0000,0.0000,0.0000,600,0.0000,0.0000,0.0000,0.0000,600,0.0000,0.0000,0.0000,0.0000,600,---,---,---,---,0,---,---,---,---,0,710.7567,768,653,15.6961,600,13.15,13.36,13.01,23.1467,25,21,16.0,6699239
2018-10-16 16:10:00,0.0000,0.0000,0.0000,0.0000,600,0.0000,0.0000,0.0000,0.0000,600,0.0000,0.0000,0.0000,0.0000,600,0.0000,0.0000,0.0000,0.0000,600,0.0000,0.0000,0.0000,0.0000,600,0.0000,0.0000,0.0000,0.0000,600,---,---,0,---,---,0,125.3239,5.0562,600,75.3521,75.7469,74.9840,0.2049,600,13.16103,13.20200,13.12571,0.01482,600,1003.4457,1003.6927,1003.1434,0.1023,600,3.3908,3.3949,3.3857,0.0017,600,0.7535,0.7575,0.7498,0.0020,600,0.43161,0.43202,0.43126,0.00015,600,0.0000,0.0000,0.0000,0.0000,600,0.0000,0.0000,0.0000,0.0000,600,0.0000,0.0000,0.0000,0.0000,600,0.0000,0.0000,0.0000,0.0000,600,0.0000,0.0000,0.0000,0.0000,600,0.0000,0.0000,0.0000,0.0000,600,---,---,---,---,0,---,---,---,---,0,709.2033,778,673,14.4131,600,13.61,13.76,13.01,22.7033,25,21,15.9,6699300
2018-10-16 16:20:00,0.0000,0.0000,0.0000,0.0000,600,0.0000,0.0000,0.0000,0.0000,600,0.0000,0.0000,0.0000,0.0000,600,0.0000,0.0000,0.0000,0.0000,600,0.0000,0.0000,0.0000,0.0000,600,0.0000,0.0000,0.0000,0.0000,600,---,---,0,---,---,0,121.5067,4.6712,600,75.5170,76.1437,75.0755,0.2289,600,13.07769,13.18064,13.00363,0.04668,600,1003.2398,1003.5279,1002.9420,0.1144,600,3.3873,3.3921,3.3824,0.0019,600,0.7552,0.7614,0.7508,0.0023,600,0.43078,0.43181,0.43004,0.00047,600,0.0000,0.0000,0.0000,0.0000,600,0.0000,0.0000,0.0000,0.0000,600,0.0000,0.0000,0.0000,0.0000,600,0.0000,0.0000,0.0000,0.0000,600,0.0000,0.0000,0.0000,0.0000,600,0.0000,0.0000,0.0000,0.0000,600,---,---,---,---,0,---,---,---,---,0,698.3283,738,663,13.3032,600,13.14,13.76,12.81,23.2233,27,21,15.0,6699362
2018-10-16 16:30:00,0.0000,0.0000,0.0000,0.0000,600,0.0000,0.0000,0.0000,0.0000,600,0.0000,0.0000,0.0000,0.0000,600,0.0000,0.0000,0.0000,0.0000,600,0.0000,0.0000,0.0000,0.0000,600,0.0000,0.0000,0.0000,0.0000,600,---,---,0,---,---,0,122.9551,6.0145,600,76.1762,76.6625,75.7164,0.2233,600,13.02278,13.08298,12.97617,0.02757,600,1003.1725,1003.4913,1002.9420,0.0870,600,3.3862,3.3915,3.3824,0.0014,600,0.7618,0.7666,0.7572,0.0022,600,0.43023,0.43083,0.42976,0.00028,600,0.0000,0.0000,0.0000,0.0000,600,0.0000,0.0000,0.0000,0.0000,600,0.0000,0.0000,0.0000,0.0000,600,0.0000,0.0000,0.0000,0.0000,600,0.0000,0.0000,0.0000,0.0000,600,0.0000,0.0000,0.0000,0.0000,600,---,---,---,---,0,---,---,---,---,0,702.4567,768,644,17.1403,600,12.64,12.81,12.51,24.6533,27,23,15.0,6699423
2018-10-16 16:40:00,0.0000,0.0000,0.0000,0.0000,600,0.0000,0.0000,0.0000,0.0000,600,0.0000,0.0000,0.0000,0.0000,600,0.0000,0.0000,0.0000,0.0000,600,0.0000,0.0000,0.0000,0.0000,600,0.0000,0.0000,0.0000,0.0000,600,---,---,0,---,---,0,124.7590,5.7011,600,76.6426,76.9066,76.2963,0.1324,600,12.99096,13.02499,12.93649,0.02051,600,1003.1765,1003.5096,1002.7589,0.0932,600,3.3863,3.3918,3.3793,0.0016,600,0.7664,0.7691,0.7630,0.0013,600,0.42991,0.43025,0.42936,0.00021,600,0.0000,0.0000,0.0000,0.0000,600,0.0000,0.0000,0.0000,0.0000,600,0.0000,0.0000,0.0000,0.0000,600,0.0000,0.0000,0.0000,0.0000,600,0.0000,0.0000,0.0000,0.0000,600,0.0000,0.0000,0.0000,0.0000,600,---,---,---,---,0,---,---,---,---,0,707.5800,768,637,16.2532,600,12.51,12.61,12.41,24.8900,27,23,15.0,6699484
2018-10-16 16:50:00,0.0000,0.0000,0.0000,0.0000,600,0.0000,0.0000,0.0000,0.0000,600,0.0000,0.0000,0.0000,0.0000,600,0.0000,0.0000,0.0000,0.0000,600,0.0000,0.0000,0.0000,0.0000,600,0.0000,0.0000,0.0000,0.0000,600,---,---,0,---,---,0,123.5992,5.1643,600,76.9761,77.3644,76.5709,0.1748,600,12.90810,12.94870,12.88156,0.01521,600,1003.2892,1003.6927,1002.9420,0.1417,600,3.3882,3.3949,3.3824,0.0024,600,0.7698,0.7736,0.7657,0.0017,600,0.42908,0.42949,0.42882,0.00015,600,0.0000,0.0000,0.0000,0.0000,600,0.0000,0.0000,0.0000,0.0000,600,0.0000,0.0000,0.0000,0.0000,600,0.0000,0.0000,0.0000,0.0000,600,0.0000,0.0000,0.0000,0.0000,600,0.0000,0.0000,0.0000,0.0000,600,---,---,---,---,0,---,---,---,---,0,704.2767,776,623,14.7241,600,12.37,12.46,12.26,24.9900,27,23,15.0,6699546
2018-10-16 17:00:00,0.0000,0.0000,0.0000,0.0000,600,0.0000,0.0000,0.0000,0.0000,600,0.0000,0.0000,0.0000,0.0000,600,0.0000,0.0000,0.0000,0.0000,600,0.0000,0.0000,0.0000,0.0000,600,0.0000,0.0000,0.0000,0.0000,600,---,---,0,---,---,0,127.2339,6.6804,600,77.1616,77.5170,76.8151,0.1582,600,12.92802,12.96701,12.87240,0.02223,600,1003.4750,1003.8575,1003.1251,0.1098,600,3.3912,3.3976,3.3854,0.0018,600,0.7716,0.7752,0.7682,0.0016,600,0.42928,0.42967,0.42872,0.00022,600,0.0000,0.0000,0.0000,0.0000,600,0.0000,0.0000,0.0000,0.0000,600,0.0000,0.0000,0.0000,0.0000,600,0.0000,0.0000,0.0000,0.0000,600,0.0000,0.0000,0.0000,0.0000,600,0.0000,0.0000,0.0000,0.0000,600,---,---,---,---,0,---,---,---,---,0,714.6117,759,648,19.0325,600,12.27,12.31,12.21,25.0800,27,23,15.0,6699607
2018-10-16 17:10:00,0.0000,0.0000,0.0000,0.0000,600,0.0000,0.0000,0.0000,0.0000,600,0.0000,0.0000,0.0000,0.0000,600,0.0000,0.0000,0.0000,0.0000,600,0.0000,0.0000,0.0000,0.0000,600,0.0000,0.0000,0.0000,0.0000,600,---,---,0,---,---,0,126.5587,5.4615,600,77.4317,77.6696,77.1508,0.1056,600,12.89041,12.92428,12.85104,0.01833,600,1003.4992,1003.6927,1003.2899,0.0935,600,3.3917,3.3949,3.3882,0.0016,600,0.7743,0.7767,0.7715,0.0011,600,0.42890,0.42924,0.42851,0.00018,600,0.0000,0.0000,0.0000,0.0000,600,0.0000,0.0000,0.0000,0.0000,600,0.0000,0.0000,0.0000,0.0000,600,0.0000,0.0000,0.0000,0.0000,600,0.0000,0.0000,0.0000,0.0000,600,0.0000,0.0000,0.0000,0.0000,600,---,---,---,---,0,---,---,---,---,0,712.7050,774,658,15.5638,600,12.22,12.26,12.16,25.1100,27,23,15.0,6699668
2018-10-16 17:20:00,0.0000,0.0000,0.0000,0.0000,600,0.0000,0.0000,0.0000,0.0000,600,0.0000,0.0000,0.0000,0.0000,600,0.0000,0.0000,0.0000,0.0000,600,0.0000,0.0000,0.0000,0.0000,600,0.0000,0.0000,0.0000,0.0000,600,---,---,0,---,---,0,126.2716,5.4342,600,77.5777,77.8222,77.3339,0.1219,600,12.86241,12.90902,12.78390,0.03370,600,1003.5615,1003.8759,1003.2899,0.1141,600,3.3927,3.3979,3.3882,0.0019,600,0.7758,0.7782,0.7733,0.0012,600,0.42862,0.42909,0.42784,0.00034,600,0.0000,0.0000,0.0000,0.0000,600,0.0000,0.0000,0.0000,0.0000,600,0.0000,0.0000,0.0000,0.0000,600,0.0000,0.0000,0.0000,0.0000,600,0.0000,0.0000,0.0000,0.0000,600,0.0000,0.0000,0.0000,0.0000,600,---,---,---,---,0,---,---,---,---,0,711.8800,760,657,15.4849,600,12.18,12.26,12.16,25.1167,27,23,15.0,6699731
2018-10-16 17:30:00,0.0000,0.0000,0.0000,0.0000,600,0.0000,0.0000,0.0000,0.0000,600,0.0000,0.0000,0.0000,0.0000,600,0.0000,0.0000,0.0000,0.0000,600,0.0000,0.0000,0.0000,0.0000,600,0.0000,0.0000,0.0000,0.0000,600,---,---,0,---,---,0,125.4321,4.3597,600,77.8916,78.1579,77.6086,0.1334,600,12.75654,12.79305,12.73507,0.00944,600,1003.6379,1003.8759,1003.4730,0.0921,600,3.3940,3.3979,3.3912,0.0015,600,0.7789,0.7816,0.7761,0.0013,600,0.42757,0.42793,0.42735,0.00009,600,0.0000,0.0000,0.0000,0.0000,600,0.0000,0.0000,0.0000,0.0000,600,0.0000,0.0000,0.0000,0.0000,600,0.0000,0.0000,0.0000,0.0000,600,0.0000,0.0000,0.0000,0.0000,600,0.0000,0.0000,0.0000,0.0000,600,---,---,---,---,0,---,---,---,---,0,709.4950,769,654,12.4222,600,12.15,12.21,12.11,25.1533,27,23,15.0,6699793
2018-10-16 17:40:00,0.0000,0.0000,0.0000,0.0000,600,0.0000,0.0000,0.0000,0.0000,600,0.0000,0.0000,0.0000,0.0000,600,0.0000,0.0000,0.0000,0.0000,600,0.0000,0.0000,0.0000,0.0000,600,0.0000,0.0000,0.0000,0.0000,600,---,---,0,---,---,0,128.4596,5.5000,600,78.1146,78.4021,77.8832,0.1388,600,12.70884,12.77780,12.66488,0.03025,600,1003.7996,1004.2238,1003.4730,0.1505,600,3.3967,3.4037,3.3912,0.0025,600,0.7811,0.7840,0.7788,0.0014,600,0.42709,0.42778,0.42665,0.00030,600,0.0000,0.0000,0.0000,0.0000,600,0.0000,0.0000,0.0000,0.0000,600,0.0000,0.0000,0.0000,0.0000,600,0.0000,0.0000,0.0000,0.0000,600,0.0000,0.0000,0.0000,0.0000,600,0.0000,0.0000,0.0000,0.0000,600,---,---,---,---,0,---,---,---,---,0,718.1150,768,664,15.6710,600,12.12,12.16,12.11,25.1867,27,23,14.0,6699854
2018-10-16 17:50:00,0.0000,0.0000,0.0000,0.0000,600,0.0000,0.0000,0.0000,0.0000,600,0.0000,0.0000,0.0000,0.0000,600,0.0000,0.0000,0.0000,0.0000,600,0.0000,0.0000,0.0000,0.0000,600,0.0000,0.0000,0.0000,0.0000,600,---,---,0,---,---,0,129.8391,5.8012,600,78.4615,78.6767,78.1884,0.1009,600,12.68669,12.71371,12.66182,0.01246,600,1003.9402,1004.2421,1003.6561,0.1150,600,3.3990,3.4040,3.3943,0.0019,600,0.7846,0.7868,0.7819,0.0010,600,0.42687,0.42714,0.42662,0.00012,600,0.0000,0.0000,0.0000,0.0000,600,0.0000,0.0000,0.0000,0.0000,600,0.0000,0.0000,0.0000,0.0000,600,0.0000,0.0000,0.0000,0.0000,600,0.0000,0.0000,0.0000,0.0000,600,0.0000,0.0000,0.0000,0.0000,600,---,---,---,---,0,---,---,---,---,0,722.0333,771,675,16.5253,600,12.11,12.16,12.06,25.2167,27,23,14.0,6699915
2018-10-16 18:00:00,0.0000,0.0000,0.0000,0.0000,600,0.0000,0.0000,0.0000,0.0000,600,0.0000,0.0000,0.0000,0.0000,600,0.0000,0.0000,0.0000,0.0000,600,0.0000,0.0000,0.0000,0.0000,600,0.0000,0.0000,0.0000,0.0000,600,---,---,0,---,---,0,126.4407,4.8201,600,78.6554,78.8903,78.3715,0.1274,600,12.60972,12.67403,12.55196,0.03288,600,1004.1751,1004.4252,1003.6561,0.1334,600,3.4029,3.4071,3.3943,0.0022,600,0.7866,0.7889,0.7837,0.0013,600,0.42610,0.42674,0.42552,0.00033,600,0.0000,0.0000,0.0000,0.0000,600,0.0000,0.0000,0.0000,0.0000,600,0.0000,0.0000,0.0000,0.0000,600,0.0000,0.0000,0.0000,0.0000,600,0.0000,0.0000,0.0000,0.0000,600,0.0000,0.0000,0.0000,0.0000,600,---,---,---,---,0,---,---,---,---,0,712.3633,752,669,13.7288,600,12.11,12.16,12.06,25.2067,27,23,14.0,6699977
2018-10-16 18:10:00,0.0000,0.0000,0.0000,0.0000,600,0.0000,0.0000,0.0000,0.0000,600,0.0000,0.0000,0.0000,0.0000,600,0.0000,0.0000,0.0000,0.0000,600,0.0000,0.0000,0.0000,0.0000,600,0.0000,0.0000,0.0000,0.0000,600,---,---,0,---,---,0,125.8356,5.1737,600,79.1017,79.4397,78.7683,0.1447,600,12.53709,12.56416,12.51228,0.01182,600,1004.2439,1004.5900,1004.0223,0.1064,600,3.4041,3.4098,3.4004,0.0018,600,0.7910,0.7944,0.7877,0.0014,600,0.42537,0.42564,0.42512,0.00012,600,0.0000,0.0000,0.0000,0.0000,600,0.0000,0.0000,0.0000,0.0000,600,0.0000,0.0000,0.0000,0.0000,600,0.0000,0.0000,0.0000,0.0000,600,0.0000,0.0000,0.0000,0.0000,600,0.0000,0.0000,0.0000,0.0000,600,---,---,---,---,0,---,---,---,---,0,710.6467,766,660,14.7435,600,12.10,12.16,12.06,25.2267,27,23,14.0,6700038
2018-10-16 18:20:00,0.0000,0.0000,0.0000,0.0000,600,0.0000,0.0000,0.0000,0.0000,600,0.0000,0.0000,0.0000,0.0000,600,0.0000,0.0000,0.0000,0.0000,600,0.0000,0.0000,0.0000,0.0000,600,0.0000,0.0000,0.0000,0.0000,600,---,---,0,---,---,0,123.8303,5.6674,600,79.4443,79.6838,79.1955,0.1254,600,12.48904,12.53365,12.43904,0.02411,600,1004.3933,1004.7731,1004.2055,0.1036,600,3.4066,3.4129,3.4034,0.0017,600,0.7944,0.7968,0.7920,0.0013,600,0.42489,0.42534,0.42439,0.00024,600,0.0000,0.0000,0.0000,0.0000,600,0.0000,0.0000,0.0000,0.0000,600,0.0000,0.0000,0.0000,0.0000,600,0.0000,0.0000,0.0000,0.0000,600,0.0000,0.0000,0.0000,0.0000,600,0.0000,0.0000,0.0000,0.0000,600,---,---,---,---,0,---,---,---,---,0,704.9417,766,644,16.1487,600,12.08,12.11,12.06,25.2000,27,25,14.0,6700099
2018-10-16 18:30:00,0.0000,0.0000,0.0000,0.0000,600,0.0000,0.0000,0.0000,0.0000,600,0.0000,0.0000,0.0000,0.0000,600,0.0000,0.0000,0.0000,0.0000,600,0.0000,0.0000,0.0000,0.0000,600,0.0000,0.0000,0.0000,0.0000,600,---,---,0,---,---,0,125.8815,5.9340,600,79.9558,80.2332,79.6228,0.1822,600,12.41146,12.47566,12.38716,0.01222,600,1004.4121,1004.6083,1004.0223,0.1164,600,3.4069,3.4101,3.4004,0.0019,600,0.7996,0.8023,0.7962,0.0018,600,0.42411,0.42476,0.42387,0.00012,600,0.0000,0.0000,0.0000,0.0000,600,0.0000,0.0000,0.0000,0.0000,600,0.0000,0.0000,0.0000,0.0000,600,0.0000,0.0000,0.0000,0.0000,600,0.0000,0.0000,0.0000,0.0000,600,0.0000,0.0000,0.0000,0.0000,600,---,---,---,---,0,---,---,---,---,0,710.7700,753,655,16.9057,600,12.07,12.11,12.06,25.2400,27,25,14.0,6700161
2018-10-16 18:40:00,0.0000,0.0000,0.0000,0.0000,600,0.0000,0.0000,0.0000,0.0000,600,0.0000,0.0000,0.0000,0.0000,600,0.0000,0.0000,0.0000,0.0000,600,0.0000,0.0000,0.0000,0.0000,600,0.0000,0.0000,0.0000,0.0000,600,---,---,0,---,---,0,126.4515,6.5054,600,80.3849,80.6604,80.0806,0.1581,600,12.35478,12.39937,12.32917,0.01917,600,1004.6004,1004.9379,1004.2238,0.1036,600,3.4100,3.4156,3.4037,0.0017,600,0.8038,0.8066,0.8008,0.0016,600,0.42355,0.42399,0.42329,0.00019,600,0.0000,0.0000,0.0000,0.0000,600,0.0000,0.0000,0.0000,0.0000,600,0.0000,0.0000,0.0000,0.0000,600,0.0000,0.0000,0.0000,0.0000,600,0.0000,0.0000,0.0000,0.0000,600,0.0000,0.0000,0.0000,0.0000,600,---,---,---,---,0,---,---,---,---,0,712.3933,762,660,18.5333,600,12.06,12.11,12.06,25.2233,27,23,14.0,6700222
2018-10-16 18:50:00,0.0000,0.0000,0.0000,0.0000,600,0.0000,0.0000,0.0000,0.0000,600,0.0000,0.0000,0.0000,0.0000,600,0.0000,0.0000,0.0000,0.0000,600,0.0000,0.0000,0.0000,0.0000,600,0.0000,0.0000,0.0000,0.0000,600,---,---,0,---,---,0,124.4905,4.6450,600,80.7726,81.0572,80.5078,0.1497,600,12.28760,12.33528,12.24677,0.02225,600,1004.6430,1004.9562,1004.3886,0.1049,600,3.4107,3.4159,3.4065,0.0017,600,0.8077,0.8106,0.8051,0.0015,600,0.42288,0.42335,0.42247,0.00022,600,0.0000,0.0000,0.0000,0.0000,600,0.0000,0.0000,0.0000,0.0000,600,0.0000,0.0000,0.0000,0.0000,600,0.0000,0.0000,0.0000,0.0000,600,0.0000,0.0000,0.0000,0.0000,600,0.0000,0.0000,0.0000,0.0000,600,---,---,---,---,0,---,---,---,---,0,706.8083,744,655,13.2332,600,12.06,12.11,12.06,25.2300,27,25,14.0,6700283
2018-10-16 19:00:00,0.0000,0.0000,0.0000,0.0000,600,0.0000,0.0000,0.0000,0.0000,600,0.0000,0.0000,0.0000,0.0000,600,0.0000,0.0000,0.0000,0.0000,600,0.0000,0.0000,0.0000,0.0000,600,0.0000,0.0000,0.0000,0.0000,600,---,---,0,---,---,0,126.9144,4.7286,600,81.2157,81.6065,80.7520,0.1892,600,12.20646,12.25593,12.17658,0.01522,600,1004.7098,1004.9745,1004.3886,0.1107,600,3.4118,3.4162,3.4065,0.0018,600,0.8122,0.8161,0.8075,0.0019,600,0.42206,0.42256,0.42177,0.00015,600,0.0000,0.0000,0.0000,0.0000,600,0.0000,0.0000,0.0000,0.0000,600,0.0000,0.0000,0.0000,0.0000,600,0.0000,0.0000,0.0000,0.0000,600,0.0000,0.0000,0.0000,0.0000,600,0.0000,0.0000,0.0000,0.0000,600,---,---,---,---,0,---,---,---,---,0,713.7017,751,661,13.4709,600,12.06,12.11,12.06,25.2700,27,25,14.0,6700345
2018-10-16 19:10:00,0.0000,0.0000,0.0000,0.0000,600,0.0000,0.0000,0.0000,0.0000,600,0.0000,0.0000,0.0000,0.0000,600,0.0000,0.0000,0.0000,0.0000,600,0.0000,0.0000,0.0000,0.0000,600,0.0000,0.0000,0.0000,0.0000,600,---,---,0,353.5256,67.6931,5,125.5504,4.3875,600,81.5969,81.9117,81.3929,0.1209,600,12.15023,12.21015,12.07587,0.04126,600,1004.8484,1005.1393,1004.5900,0.0955,600,3.4141,3.4190,3.4098,0.0016,600,0.8160,0.8191,0.8139,0.0012,600,0.42150,0.42210,0.42076,0.00041,600,0.0000,0.0000,0.0000,0.0000,600,0.0000,0.0000,0.0000,0.0000,600,0.0000,0.0000,0.0000,0.0000,600,0.0000,0.0000,0.0000,0.0000,600,0.0000,0.0000,0.0000,0.0000,600,0.0000,0.0000,0.0000,0.0000,600,---,---,---,---,0,2086.4167,3925,357,1158.4116,12,709.8283,753,662,12.4982,600,12.06,12.11,12.01,25.2733,27,25,14.0,6700406
2018-10-16 19:20:00,0.0000,0.0000,0.0000,0.0000,600,0.0000,0.0000,0.0000,0.0000,600,0.0000,0.0000,0.0000,0.0000,600,0.0000,0.0000,0.0000,0.0000,600,0.0000,0.0000,0.0000,0.0000,600,0.0000,0.0000,0.0000,0.0000,600,---,---,0,27.4344,79.0416,10,126.8513,5.0708,600,82.0435,82.2474,81.8812,0.0940,600,12.07789,12.10639,12.03619,0.01724,600,1005.1848,1005.4872,1004.9196,0.1204,600,3.4197,3.4248,3.4153,0.0020,600,0.8204,0.8225,0.8188,0.0009,600,0.42078,0.42106,0.42036,0.00017,600,0.0000,0.0000,0.0000,0.0000,600,0.0000,0.0000,0.0000,0.0000,600,0.0000,0.0000,0.0000,0.0000,600,0.0000,0.0000,0.0000,0.0000,600,0.0000,0.0000,0.0000,0.0000,600,0.0000,0.0000,0.0000,0.0000,600,---,---,---,---,0,2104.1667,3916,698,904.4627,30,713.5217,755,653,14.4508,600,12.06,12.11,12.01,25.3033,27,25,14.0,6700467
2018-10-16 19:30:00,0.0000,0.0000,0.0000,0.0000,600,0.0000,0.0000,0.0000,0.0000,600,0.0000,0.0000,0.0000,0.0000,600,0.0000,0.0000,0.0000,0.0000,600,0.0000,0.0000,0.0000,0.0000,600,0.0000,0.0000,0.0000,0.0000,600,---,---,0,327.6294,39.2993,5,125.5644,5.0329,600,82.3481,82.6136,82.0032,0.1288,600,12.01616,12.04230,11.99042,0.00794,600,1005.1226,1005.4872,1004.7731,0.1253,600,3.4187,3.4248,3.4129,0.0021,600,0.8235,0.8261,0.8200,0.0013,600,0.42016,0.42042,0.41990,0.00008,600,0.0000,0.0000,0.0000,0.0000,600,0.0000,0.0000,0.0000,0.0000,600,0.0000,0.0000,0.0000,0.0000,600,0.0000,0.0000,0.0000,0.0000,600,0.0000,0.0000,0.0000,0.0000,600,0.0000,0.0000,0.0000,0.0000,600,---,---,---,---,0,2444.3056,3930,1105,672.0148,36,709.8617,745,662,14.3364,600,12.05,12.11,12.01,25.3333,27,23,13.1,6700528
2018-10-16 19:40:00,0.0000,0.0000,0.0000,0.0000,600,0.0000,0.0000,0.0000,0.0000,600,0.0000,0.0000,0.0000,0.0000,600,0.0000,0.0000,0.0000,0.0000,600,0.0000,0.0000,0.0000,0.0000,600,0.0000,0.0000,0.0000,0.0000,600,---,---,0,355.7773,0.3164,10,124.5221,5.0599,600,82.5981,82.9188,82.2779,0.1459,600,11.94121,11.99957,11.89886,0.02385,600,1005.1027,1005.3224,1004.7548,0.1024,600,3.4184,3.4220,3.4126,0.0017,600,0.8260,0.8292,0.8228,0.0015,600,0.41941,0.42000,0.41899,0.00024,600,0.0000,0.0000,0.0000,0.0000,600,0.0000,0.0000,0.0000,0.0000,600,0.0000,0.0000,0.0000,0.0000,600,0.0000,0.0000,0.0000,0.0000,600,0.0000,0.0000,0.0000,0.0000,600,0.0000,0.0000,0.0000,0.0000,600,---,---,---,---,0,2617.0182,4010,1362,808.1333,55,706.8900,738,657,14.4175,600,12.05,12.11,12.01,25.2967,27,25,13.0,6700590
2018-10-16 19:50:00,0.0000,0.0000,0.0000,0.0000,600,0.0000,0.0000,0.0000,0.0000,600,0.0000,0.0000,0.0000,0.0000,600,0.0000,0.0000,0.0000,0.0000,600,0.0000,0.0000,0.0000,0.0000,600,0.0000,0.0000,0.0000,0.0000,600,---,---,0,99.0200,74.6467,26,127.1273,5.3211,600,83.0105,83.3460,82.5221,0.2251,600,11.82838,11.89886,11.78899,0.02401,600,1005.1473,1005.4872,1004.9013,0.1136,600,3.4191,3.4248,3.4150,0.0019,600,0.8301,0.8335,0.8252,0.0023,600,0.41828,0.41899,0.41789,0.00024,600,0.0000,0.0000,0.0000,0.0000,600,0.0000,0.0000,0.0000,0.0000,600,0.0000,0.0000,0.0000,0.0000,600,0.0000,0.0000,0.0000,0.0000,600,0.0000,0.0000,0.0000,0.0000,600,0.0000,0.0000,0.0000,0.0000,600,---,---,---,---,0,2132.5783,3926,661,998.7669,83,714.3183,778,669,15.1611,600,12.04,12.11,12.01,25.3433,27,25,13.0,6700651
2018-10-16 20:00:00,0.0000,0.0000,0.0000,0.0000,600,0.0000,0.0000,0.0000,0.0000,600,0.0000,0.0000,0.0000,0.0000,600,0.0000,0.0000,0.0000,0.0000,600,0.0000,0.0000,0.0000,0.0000,600,0.0000,0.0000,0.0000,0.0000,600,---,---,0,353.4142,88.4312,27,127.9189,6.0240,600,83.6385,83.9564,83.3460,0.1284,600,11.81557,11.83477,11.79510,0.00683,600,1005.2154,1005.4872,1004.9196,0.0975,600,3.4203,3.4248,3.4153,0.0016,600,0.8364,0.8396,0.8335,0.0013,600,0.41816,0.41835,0.41795,0.00007,600,0.0000,0.0000,0.0000,0.0000,600,0.0000,0.0000,0.0000,0.0000,600,0.0000,0.0000,0.0000,0.0000,600,0.0000,0.0000,0.0000,0.0000,600,0.0000,0.0000,0.0000,0.0000,600,0.0000,0.0000,0.0000,0.0000,600,---,---,---,---,0,2369.9821,4011,341,1079.2815,112,716.5733,770,666,17.1602,600,12.02,12.06,12.01,25.2600,27,25,13.0,6700712
2018-10-16 20:10:00,0.0000,0.0000,0.0000,0.0000,600,0.0000,0.0000,0.0000,0.0000,600,0.0000,0.0000,0.0000,0.0000,600,0.0000,0.0000,0.0000,0.0000,600,0.0000,0.0000,0.0000,0.0000,600,0.0000,0.0000,0.0000,0.0000,600,---,---,0,96.4380,99.2585,20,130.1360,5.7176,600,84.0420,84.4447,83.7733,0.1737,600,11.78400,11.82256,11.75237,0.02018,600,1005.3750,1005.6703,1005.1210,0.0946,600,3.4229,3.4278,3.4187,0.0016,600,0.8404,0.8444,0.8377,0.0017,600,0.41784,0.41823,0.41752,0.00020,600,0.0000,0.0000,0.0000,0.0000,600,0.0000,0.0000,0.0000,0.0000,600,0.0000,0.0000,0.0000,0.0000,600,0.0000,0.0000,0.0000,0.0000,600,0.0000,0.0000,0.0000,0.0000,600,0.0000,0.0000,0.0000,0.0000,600,---,---,---,---,0,2469.1939,4010,349,1084.3311,98,722.8683,777,666,16.2916,600,12.02,12.06,12.01,25.3700,27,25,13.0,6700775
2018-10-16 20:20:00,0.0000,0.0000,0.0000,0.0000,600,0.0000,0.0000,0.0000,0.0000,600,0.0000,0.0000,0.0000,0.0000,600,0.0000,0.0000,0.0000,0.0000,600,0.0000,0.0000,0.0000,0.0000,600,0.0000,0.0000,0.0000,0.0000,600,---,---,0,154.8868,68.9260,18,133.5283,6.3642,600,84.4924,84.6889,84.2311,0.1423,600,11.75241,11.77679,11.73101,0.01015,600,1005.3913,1005.6520,1005.0844,0.1006,600,3.4232,3.4275,3.4181,0.0017,600,0.8449,0.8469,0.8423,0.0014,600,0.41752,0.41777,0.41731,0.00010,600,0.0000,0.0000,0.0000,0.0000,600,0.0000,0.0000,0.0000,0.0000,600,0.0000,0.0000,0.0000,0.0000,600,0.0000,0.0000,0.0000,0.0000,600,0.0000,0.0000,0.0000,0.0000,600,0.0000,0.0000,0.0000,0.0000,600,---,---,---,---,0,2269.2237,4026,377,1059.9224,76,732.5317,804,678,18.1375,600,12.01,12.06,12.01,25.2800,29,25,13.0,6700837
2018-10-16 20:30:00,0.0000,0.0000,0.0000,0.0000,600,0.0000,0.0000,0.0000,0.0000,600,0.0000,0.0000,0.0000,0.0000,600,0.0000,0.0000,0.0000,0.0000,600,0.0000,0.0000,0.0000,0.0000,600,0.0000,0.0000,0.0000,0.0000,600,---,---,0,85.7515,100.8289,12,135.5524,5.5922,600,84.7777,84.9330,84.5973,0.0679,600,11.75068,11.77679,11.71575,0.01340,600,1005.4577,1005.6703,1005.2675,0.0779,600,3.4243,3.4278,3.4211,0.0013,600,0.8478,0.8493,0.8460,0.0007,600,0.41751,0.41777,0.41716,0.00013,600,0.0000,0.0000,0.0000,0.0000,600,0.0000,0.0000,0.0000,0.0000,600,0.0000,0.0000,0.0000,0.0000,600,0.0000,0.0000,0.0000,0.0000,600,0.0000,0.0000,0.0000,0.0000,600,0.0000,0.0000,0.0000,0.0000,600,---,---,---,---,0,2684.9362,4010,323,1064.3563,94,738.2750,789,689,15.9325,600,12.01,12.06,12.01,25.3200,27,25,13.0,6700898
2018-10-16 20:40:00,0.0000,0.0000,0.0000,0.0000,600,0.0000,0.0000,0.0000,0.0000,600,0.0000,0.0000,0.0000,0.0000,600,0.0000,0.0000,0.0000,0.0000,600,0.0000,0.0000,0.0000,0.0000,600,0.0000,0.0000,0.0000,0.0000,600,---,---,0,160.7696,75.0463,24,138.4295,6.6819,600,85.0898,85.2687,84.9025,0.0747,600,11.73346,11.74932,11.71575,0.00655,600,1005.5000,1005.6887,1005.2675,0.0992,600,3.4250,3.4281,3.4211,0.0017,600,0.8509,0.8527,0.8490,0.0007,600,0.41733,0.41749,0.41716,0.00007,600,0.0000,0.0000,0.0000,0.0000,600,0.0000,0.0000,0.0000,0.0000,600,0.0000,0.0000,0.0000,0.0000,600,0.0000,0.0000,0.0000,0.0000,600,0.0000,0.0000,0.0000,0.0000,600,0.0000,0.0000,0.0000,0.0000,600,---,---,---,---,0,2410.1529,3966,373,1235.7375,85,746.4633,800,674,19.0392,600,12.01,12.06,12.01,25.3467,27,25,13.0,6700959
2018-10-16 20:50:00,0.0000,0.0000,0.0000,0.0000,600,0.0000,0.0000,0.0000,0.0000,600,0.0000,0.0000,0.0000,0.0000,600,0.0000,0.0000,0.0000,0.0000,600,0.0000,0.0000,0.0000,0.0000,600,0.0000,0.0000,0.0000,0.0000,600,---,---,0,334.3293,68.9933,17,138.0992,3.5082,600,85.2072,85.3298,85.0551,0.0627,600,11.72451,11.74322,11.70965,0.00631,600,1005.5524,1005.8351,1005.2675,0.1192,600,3.4259,3.4306,3.4211,0.0020,600,0.8521,0.8533,0.8506,0.0006,600,0.41725,0.41743,0.41710,0.00006,600,0.0000,0.0000,0.0000,0.0000,600,0.0000,0.0000,0.0000,0.0000,600,0.0000,0.0000,0.0000,0.0000,600,0.0000,0.0000,0.0000,0.0000,600,0.0000,0.0000,0.0000,0.0000,600,0.0000,0.0000,0.0000,0.0000,600,---,---,---,---,0,2563.3968,3966,373,1081.0725,126,745.5250,775,701,9.9904,600,12.01,12.06,11.96,25.3667,27,25,13.0,6701021
2018-10-16 21:00:00,0.0000,0.0000,0.0000,0.0000,600,0.0000,0.0000,0.0000,0.0000,600,0.0000,0.0000,0.0000,0.0000,600,0.0000,0.0000,0.0000,0.0000,600,0.0000,0.0000,0.0000,0.0000,600,0.0000,0.0000,0.0000,0.0000,600,---,---,0,137.8743,17.7954,208,140.0412,6.8778,600,85.2537,85.4213,85.0856,0.0725,600,11.74082,11.77679,11.70965,0.01783,600,1005.7863,1006.0366,1005.4689,0.1464,600,3.4298,3.4339,3.4245,0.0024,600,0.8525,0.8542,0.8509,0.0007,600,0.41741,0.41777,0.41710,0.00018,600,0.0000,0.0000,0.0000,0.0000,600,0.0000,0.0000,0.0000,0.0000,600,0.0000,0.0000,0.0000,0.0000,600,0.0000,0.0000,0.0000,0.0000,600,0.0000,0.0000,0.0000,0.0000,600,0.0000,0.0000,0.0000,0.0000,600,---,---,---,---,0,943.7609,4026,385,664.9681,230,751.0583,819,694,19.6004,600,12.01,12.06,11.96,25.3133,27,25,13.0,6701082
2018-10-16 21:10:00,0.0000,0.0000,0.0000,0.0000,600,0.0000,0.0000,0.0000,0.0000,600,0.0000,0.0000,0.0000,0.0000,600,0.0000,0.0000,0.0000,0.0000,600,0.0000,0.0000,0.0000,0.0000,600,0.0000,0.0000,0.0000,0.0000,600,---,---,0,136.9456,44.3997,69,136.5460,5.0881,600,85.1161,85.2992,84.9635,0.0742,600,11.74084,11.77374,11.71880,0.01136,600,1005.7543,1006.0366,1005.4689,0.1083,600,3.4292,3.4339,3.4245,0.0018,600,0.8512,0.8530,0.8496,0.0007,600,0.41741,0.41774,0.41719,0.00011,600,0.0000,0.0000,0.0000,0.0000,600,0.0000,0.0000,0.0000,0.0000,600,0.0000,0.0000,0.0000,0.0000,600,0.0000,0.0000,0.0000,0.0000,600,0.0000,0.0000,0.0000,0.0000,600,0.0000,0.0000,0.0000,0.0000,600,---,---,---,---,0,1789.3750,4010,365,1283.8942,128,741.0983,783,693,14.4943,600,12.01,12.06,11.96,25.4033,27,25,13.0,6701143
2018-10-16 21:20:00,0.0000,0.0000,0.0000,0.0000,600,0.0000,0.0000,0.0000,0.0000,600,0.0000,0.0000,0.0000,0.0000,600,0.0000,0.0000,0.0000,0.0000,600,0.0000,0.0000,0.0000,0.0000,600,0.0000,0.0000,0.0000,0.0000,600,---,---,0,134.0652,21.2532,160,132.5028,6.1172,600,85.0671,85.2382,84.8415,0.0997,600,11.75166,11.77679,11.72185,0.01400,600,1006.0277,1006.2197,1005.6520,0.1160,600,3.4338,3.4370,3.4275,0.0019,600,0.8507,0.8524,0.8484,0.0010,600,0.41752,0.41777,0.41722,0.00014,600,0.0000,0.0000,0.0000,0.0000,600,0.0000,0.0000,0.0000,0.0000,600,0.0000,0.0000,0.0000,0.0000,600,0.0000,0.0000,0.0000,0.0000,600,0.0000,0.0000,0.0000,0.0000,600,0.0000,0.0000,0.0000,0.0000,600,---,---,---,---,0,1171.5248,3966,369,943.0548,202,729.6117,775,684,17.4249,600,12.00,12.06,11.96,25.4100,29,25,13.0,6701205
2018-10-16 21:30:00,0.0000,0.0000,0.0000,0.0000,600,0.0000,0.0000,0.0000,0.0000,600,0.0000,0.0000,0.0000,0.0000,600,0.0000,0.0000,0.0000,0.0000,600,0.0000,0.0000,0.0000,0.0000,600,0.0000,0.0000,0.0000,0.0000,600,---,---,0,134.0771,19.2257,194,132.2052,6.5811,600,85.0181,85.2077,84.8720,0.0731,600,11.74873,11.76763,11.72796,0.00715,600,1006.1944,1006.4211,1005.9816,0.0912,600,3.4366,3.4404,3.4330,0.0015,600,0.8502,0.8521,0.8487,0.0007,600,0.41749,0.41768,0.41728,0.00007,600,0.0000,0.0000,0.0000,0.0000,600,0.0000,0.0000,0.0000,0.0000,600,0.0000,0.0000,0.0000,0.0000,600,0.0000,0.0000,0.0000,0.0000,600,0.0000,0.0000,0.0000,0.0000,600,0.0000,0.0000,0.0000,0.0000,600,---,---,---,---,0,952.4000,3926,361,724.8652,215,728.7600,781,684,18.7468,600,12.00,12.06,11.96,25.4100,27,25,13.0,6701266
2018-10-16 21:40:00,0.0000,0.0000,0.0000,0.0000,600,0.0000,0.0000,0.0000,0.0000,600,0.0000,0.0000,0.0000,0.0000,600,0.0000,0.0000,0.0000,0.0000,600,0.0000,0.0000,0.0000,0.0000,600,0.0000,0.0000,0.0000,0.0000,600,---,---,0,139.5567,46.1831,91,132.4411,3.8523,600,84.9538,85.0856,84.8415,0.0454,600,11.74032,11.75848,11.72796,0.00576,600,1006.3056,1006.5859,1005.9999,0.1194,600,3.4384,3.4431,3.4333,0.0020,600,0.8495,0.8509,0.8484,0.0005,600,0.41740,0.41758,0.41728,0.00006,600,0.0000,0.0000,0.0000,0.0000,600,0.0000,0.0000,0.0000,0.0000,600,0.0000,0.0000,0.0000,0.0000,600,0.0000,0.0000,0.0000,0.0000,600,0.0000,0.0000,0.0000,0.0000,600,0.0000,0.0000,0.0000,0.0000,600,---,---,---,---,0,1755.6629,3925,369,1172.0512,175,729.4300,767,676,10.9736,600,11.99,12.01,11.96,25.4800,29,25,13.0,6701327
2018-10-16 21:50:00,0.0000,0.0000,0.0000,0.0000,600,0.0000,0.0000,0.0000,0.0000,600,0.0000,0.0000,0.0000,0.0000,600,0.0000,0.0000,0.0000,0.0000,600,0.0000,0.0000,0.0000,0.0000,600,0.0000,0.0000,0.0000,0.0000,600,---,---,0,140.3109,71.6361,44,132.0280,6.3736,600,84.8015,84.9940,84.6583,0.0726,600,11.74659,11.76458,11.72491,0.00798,600,1006.4306,1006.7690,1005.9999,0.1315,600,3.4405,3.4462,3.4333,0.0022,600,0.8480,0.8499,0.8466,0.0007,600,0.41747,0.41765,0.41725,0.00008,600,0.0000,0.0000,0.0000,0.0000,600,0.0000,0.0000,0.0000,0.0000,600,0.0000,0.0000,0.0000,0.0000,600,0.0000,0.0000,0.0000,0.0000,600,0.0000,0.0000,0.0000,0.0000,600,0.0000,0.0000,0.0000,0.0000,600,---,---,---,---,0,2041.8992,3926,365,1174.3039,119,728.2700,794,679,18.1621,600,11.98,12.01,11.96,25.4533,29,25,13.0,6701389
2018-10-16 22:00:00,0.0000,0.0000,0.0000,0.0000,600,0.0000,0.0000,0.0000,0.0000,600,0.0000,0.0000,0.0000,0.0000,600,0.0000,0.0000,0.0000,0.0000,600,0.0000,0.0000,0.0000,0.0000,600,0.0000,0.0000,0.0000,0.0000,600,---,---,0,122.4061,61.6735,54,131.4575,6.0299,600,84.7246,84.8415,84.6278,0.0475,600,11.68824,11.73711,11.61504,0.03509,600,1006.5279,1006.7873,1006.1831,0.1122,600,3.4421,3.4465,3.4364,0.0019,600,0.8472,0.8484,0.8463,0.0005,600,0.41688,0.41737,0.41615,0.00035,600,0.0000,0.0000,0.0000,0.0000,600,0.0000,0.0000,0.0000,0.0000,600,0.0000,0.0000,0.0000,0.0000,600,0.0000,0.0000,0.0000,0.0000,600,0.0000,0.0000,0.0000,0.0000,600,0.0000,0.0000,0.0000,0.0000,600,---,---,---,---,0,1632.8854,3966,345,1235.9919,96,726.6433,784,688,17.1796,600,11.97,12.01,11.96,25.4600,27,25,13.0,6701450
2018-10-16 22:10:00,0.0000,0.0000,0.0000,0.0000,600,0.0000,0.0000,0.0000,0.0000,600,0.0000,0.0000,0.0000,0.0000,600,0.0000,0.0000,0.0000,0.0000,600,0.0000,0.0000,0.0000,0.0000,600,0.0000,0.0000,0.0000,0.0000,600,---,---,0,31.0607,90.1892,41,132.1737,4.2890,600,84.8547,85.0856,84.6278,0.1169,600,11.49054,11.62114,11.34953,0.07538,600,1006.4045,1006.6042,1006.1647,0.1099,600,3.4401,3.4434,3.4361,0.0018,600,0.8485,0.8509,0.8463,0.0012,600,0.41491,0.41621,0.41350,0.00075,600,0.0000,0.0000,0.0000,0.0000,600,0.0000,0.0000,0.0000,0.0000,600,0.0000,0.0000,0.0000,0.0000,600,0.0000,0.0000,0.0000,0.0000,600,0.0000,0.0000,0.0000,0.0000,600,0.0000,0.0000,0.0000,0.0000,600,---,---,---,---,0,2031.0930,4010,357,1166.1500,129,728.6750,781,696,12.2166,600,11.96,12.01,11.96,25.4967,29,25,13.0,6701511
2018-10-16 22:20:00,0.0000,0.0000,0.0000,0.0000,600,0.0000,0.0000,0.0000,0.0000,600,0.0000,0.0000,0.0000,0.0000,600,0.0000,0.0000,0.0000,0.0000,600,0.0000,0.0000,0.0000,0.0000,600,0.0000,0.0000,0.0000,0.0000,600,---,---,0,118.8706,59.6902,86,131.9625,4.5151,600,85.4134,85.7570,84.9635,0.2083,600,11.25932,11.36174,11.17557,0.04900,600,1006.5468,1006.7690,1006.1831,0.0975,600,3.4424,3.4462,3.4364,0.0016,600,0.8541,0.8576,0.8496,0.0021,600,0.41259,0.41362,0.41176,0.00049,600,0.0000,0.0000,0.0000,0.0000,600,0.0000,0.0000,0.0000,0.0000,600,0.0000,0.0000,0.0000,0.0000,600,0.0000,0.0000,0.0000,0.0000,600,0.0000,0.0000,0.0000,0.0000,600,0.0000,0.0000,0.0000,0.0000,600,---,---,---,---,0,1607.0486,4010,353,1265.5468,144,728.0617,757,683,12.8617,600,11.96,12.01,11.96,25.5600,27,25,13.0,6701573
2018-10-16 22:30:00,0.0000,0.0000,0.0000,0.0000,600,0.0000,0.0000,0.0000,0.0000,600,0.0000,0.0000,0.0000,0.0000,600,0.0000,0.0000,0.0000,0.0000,600,0.0000,0.0000,0.0000,0.0000,600,0.0000,0.0000,0.0000,0.0000,600,---,---,0,104.0734,64.3858,62,133.0262,5.3374,600,86.0488,86.5810,85.6044,0.2465,600,11.09202,11.18778,11.00467,0.05087,600,1006.4594,1006.7507,1006.1831,0.1001,600,3.4410,3.4458,3.4364,0.0017,600,0.8605,0.8658,0.8560,0.0025,600,0.41092,0.41188,0.41005,0.00051,600,0.0000,0.0000,0.0000,0.0000,600,0.0000,0.0000,0.0000,0.0000,600,0.0000,0.0000,0.0000,0.0000,600,0.0000,0.0000,0.0000,0.0000,600,0.0000,0.0000,0.0000,0.0000,600,0.0000,0.0000,0.0000,0.0000,600,---,---,---,---,0,1156.7531,3918,357,1084.3179,81,731.0967,779,687,15.2045,600,11.96,12.01,11.96,25.5333,29,25,13.0,6701634
2018-10-16 22:40:00,0.0000,0.0000,0.0000,0.0000,600,0.0000,0.0000,0.0000,0.0000,600,0.0000,0.0000,0.0000,0.0000,600,0.0000,0.0000,0.0000,0.0000,600,0.0000,0.0000,0.0000,0.0000,600,0.0000,0.0000,0.0000,0.0000,600,---,---,0,133.9895,39.6724,70,136.3792,6.5165,600,86.8684,87.4050,86.3979,0.2732,600,10.92793,11.01077,10.86428,0.04359,600,1006.4634,1006.7507,1006.1831,0.1030,600,3.4411,3.4458,3.4364,0.0017,600,0.8687,0.8741,0.8640,0.0027,600,0.40928,0.41011,0.40864,0.00044,600,0.0000,0.0000,0.0000,0.0000,600,0.0000,0.0000,0.0000,0.0000,600,0.0000,0.0000,0.0000,0.0000,600,0.0000,0.0000,0.0000,0.0000,600,0.0000,0.0000,0.0000,0.0000,600,0.0000,0.0000,0.0000,0.0000,600,---,---,---,---,0,1192.0568,4026,353,1041.3816,88,740.6233,799,663,18.5761,600,11.96,12.01,11.96,25.5467,29,25,12.0,6701695
2018-10-16 22:50:00,0.0000,0.0000,0.0000,0.0000,600,0.0000,0.0000,0.0000,0.0000,600,0.0000,0.0000,0.0000,0.0000,600,0.0000,0.0000,0.0000,0.0000,600,0.0000,0.0000,0.0000,0.0000,600,0.0000,0.0000,0.0000,0.0000,600,---,---,0,130.9014,44.3045,50,135.7978,4.7967,600,87.8612,88.3816,87.2829,0.2873,600,10.83239,10.86734,10.80020,0.01322,600,1006.5674,1006.7690,1006.3662,0.1040,600,3.4428,3.4462,3.4394,0.0017,600,0.8786,0.8838,0.8728,0.0029,600,0.40832,0.40867,0.40800,0.00013,600,0.0000,0.0000,0.0000,0.0000,600,0.0000,0.0000,0.0000,0.0000,600,0.0000,0.0000,0.0000,0.0000,600,0.0000,0.0000,0.0000,0.0000,600,0.0000,0.0000,0.0000,0.0000,600,0.0000,0.0000,0.0000,0.0000,600,---,---,---,---,0,1166.2500,4010,369,978.2877,64,738.9783,779,682,13.6629,600,11.96,12.01,11.96,25.5167,29,25,12.0,6701758
2018-10-16 23:00:00,0.0000,0.0000,0.0000,0.0000,600,0.0000,0.0000,0.0000,0.0000,600,0.0000,0.0000,0.0000,0.0000,600,0.0000,0.0000,0.0000,0.0000,600,0.0005,0.2793,0.0000,0.0114,600,0.0000,0.0000,0.0000,0.0000,600,---,---,0,132.9875,78.5418,33,133.2146,5.4523,600,88.6946,89.0530,88.1375,0.2727,600,10.78419,10.81240,10.76662,0.00890,600,1006.5014,1006.7507,1006.1831,0.0938,600,3.4417,3.4458,3.4364,0.0016,600,0.8869,0.8905,0.8814,0.0027,600,0.40784,0.40812,0.40767,0.00009,600,0.0000,0.0000,0.0000,0.0000,600,0.0000,0.0000,0.0000,0.0000,600,0.0000,0.0000,0.0000,0.0000,600,0.0000,0.0000,0.0000,0.0000,600,0.0017,1.0000,0.0000,0.0408,600,0.0000,0.0000,0.0000,0.0000,600,---,---,---,---,0,1700.0536,3926,357,1310.7057,56,731.6267,788,669,15.5350,600,11.96,12.01,11.96,25.5733,27,25,12.0,6701820
2018-10-16 23:10:00,0.0000,0.0000,0.0000,0.0000,600,0.0000,0.0000,0.0000,0.0000,600,0.0000,0.0000,0.0000,0.0000,600,0.0000,0.0000,0.0000,0.0000,600,0.0005,0.2793,0.0000,0.0114,600,0.0000,0.0000,0.0000,0.0000,600,---,---,0,108.8687,77.4392,34,133.1630,5.6279,600,89.3989,89.8160,88.9309,0.2530,600,10.74665,10.78494,10.72695,0.01357,600,1006.5984,1006.7873,1006.3478,0.0913,600,3.4433,3.4465,3.4391,0.0015,600,0.8940,0.8982,0.8893,0.0025,600,0.40747,0.40785,0.40727,0.00014,600,0.0000,0.0000,0.0000,0.0000,600,0.0000,0.0000,0.0000,0.0000,600,0.0000,0.0000,0.0000,0.0000,600,0.0000,0.0000,0.0000,0.0000,600,0.0017,1.0000,0.0000,0.0408,600,0.0000,0.0000,0.0000,0.0000,600,---,---,---,---,0,2066.4535,3934,361,1337.0473,86,731.4833,773,678,16.0315,600,11.96,12.01,11.91,25.6400,27,25,12.0,6701881
2018-10-16 23:20:00,0.0000,0.0000,0.0000,0.0000,600,0.0000,0.0000,0.0000,0.0000,600,0.0000,0.0000,0.0000,0.0000,600,0.0000,0.0000,0.0000,0.0000,600,0.0000,0.0000,0.0000,0.0000,600,0.0000,0.0000,0.0000,0.0000,600,---,---,0,125.7306,47.4699,71,131.2908,5.0229,600,90.0521,90.4874,89.6634,0.2253,600,10.72277,10.75137,10.69338,0.01165,600,1006.4762,1006.7690,1006.2014,0.1000,600,3.4413,3.4462,3.4367,0.0017,600,0.9005,0.9049,0.8966,0.0023,600,0.40723,0.40751,0.40693,0.00012,600,0.0000,0.0000,0.0000,0.0000,600,0.0000,0.0000,0.0000,0.0000,600,0.0000,0.0000,0.0000,0.0000,600,0.0000,0.0000,0.0000,0.0000,600,0.0000,0.0000,0.0000,0.0000,600,0.0000,0.0000,0.0000,0.0000,600,---,---,---,---,0,1296.2812,3926,361,1128.7410,96,726.1600,775,682,14.3080,600,11.96,12.01,11.91,25.6200,27,25,12.0,6701942
2018-10-16 23:30:00,0.0000,0.0000,0.0000,0.0000,600,0.0000,0.0000,0.0000,0.0000,600,0.0000,0.0000,0.0000,0.0000,600,0.0000,0.0000,0.0000,0.0000,600,0.0005,0.2793,0.0000,0.0114,600,0.0000,0.0000,0.0000,0.0000,600,---,---,0,135.3720,12.2414,169,133.4277,5.3790,600,90.6350,90.9146,90.3348,0.1686,600,10.73328,10.75442,10.71169,0.01010,600,1006.1088,1006.5676,1005.6337,0.1581,600,3.4351,3.4428,3.4272,0.0026,600,0.9063,0.9091,0.9033,0.0017,600,0.40733,0.40754,0.40712,0.00010,600,0.0000,0.0000,0.0000,0.0000,600,0.0000,0.0000,0.0000,0.0000,600,0.0000,0.0000,0.0000,0.0000,600,0.0000,0.0000,0.0000,0.0000,600,0.0017,1.0000,0.0000,0.0408,600,0.0000,0.0000,0.0000,0.0000,600,---,---,---,---,0,790.2370,3918,373,371.4292,173,732.2433,796,693,15.3226,600,11.96,12.01,11.91,25.5833,29,25,12.0,6702004
2018-10-16 23:40:00,0.0000,0.0000,0.0000,0.0000,600,0.0000,0.0000,0.0000,0.0000,600,0.0000,0.0000,0.0000,0.0000,600,0.0000,0.0000,0.0000,0.0000,600,0.0000,0.0000,0.0000,0.0000,600,0.0000,0.0000,0.0000,0.0000,600,---,---,0,133.0011,5.4294,420,131.1912,5.5416,600,91.0652,91.3724,90.7620,0.1430,600,10.74063,10.75442,10.72390,0.00528,600,1006.0020,1006.3845,1005.7985,0.0983,600,3.4334,3.4397,3.4300,0.0016,600,0.9107,0.9137,0.9076,0.0014,600,0.40741,0.40754,0.40724,0.00005,600,0.0000,0.0000,0.0000,0.0000,600,0.0000,0.0000,0.0000,0.0000,600,0.0000,0.0000,0.0000,0.0000,600,0.0000,0.0000,0.0000,0.0000,600,0.0000,0.0000,0.0000,0.0000,600,0.0000,0.0000,0.0000,0.0000,600,---,---,---,---,0,731.0190,778,677,15.4722,420,725.8767,774,677,15.7861,600,11.95,11.96,11.91,25.5933,29,25,12.0,6702065
2018-10-16 23:50:00,0.0000,0.0000,0.0000,0.0000,600,0.0000,0.0000,0.0000,0.0000,600,0.0000,0.0000,0.0000,0.0000,600,0.0000,0.0000,0.0000,0.0000,600,0.0000,0.0000,0.0000,0.0000,600,0.0000,0.0000,0.0000,0.0000,600,---,---,0,131.9300,6.8287,386,129.4407,6.6857,600,91.4827,91.7692,91.2503,0.1081,600,10.76717,10.79714,10.73306,0.01507,600,1006.1521,1006.4028,1005.9816,0.1163,600,3.4359,3.4400,3.4330,0.0019,600,0.9148,0.9177,0.9125,0.0011,600,0.40767,0.40797,0.40733,0.00015,600,0.0000,0.0000,0.0000,0.0000,600,0.0000,0.0000,0.0000,0.0000,600,0.0000,0.0000,0.0000,0.0000,600,0.0000,0.0000,0.0000,0.0000,600,0.0000,0.0000,0.0000,0.0000,600,0.0000,0.0000,0.0000,0.0000,600,---,---,---,---,0,727.9948,794,681,19.4713,386,720.9017,783,657,19.0538,600,11.94,11.96,11.91,25.6800,29,25,12.0,6702126

[System]
serial=D161075
type=Meteo-40M
name=ZUMA PER IV
timezone=UTC-06:00
source_data_storage_total=1960.512 MiB
software_version=1.5.10+12-1
latitude=25.709764
longitude=-98.356083
altitude=107
cecs_power_permanent=false
modem_permanent=true;S1
ethernet_permanent=true;none
[Summary]
csv_created=2018-10-31 09:19:09
source_data_storage_used=1960.512 MiB
[Evaluation]
partial=false
file_interval=daily
stat_interval=10 min
[Adjustment]
CS1=200.41 μA
CS2=200.00 μA
[Master]
rate=1 s
serial_setting=38400 8N1
[Date/time]
statistics=First;
[Anemómetro 1;wind_speed]
statistics=Avg;Max;Min;StdDev;Count;
unit=m/s
sensor_label=Anemómetro 1
sensor_height=130
sensor_type=anemometer
sensor_model=Thies Anemometer First Class Advanced
formula=linear_cnt
formula_params=C1 var_period var_offset var_slope
var_period=1
var_offset=0.2326
var_slope=0.046
[Anemómetro 2;wind_speed]
statistics=Avg;Max;Min;StdDev;Count;
unit=m/s
sensor_label=Anemómetro 2
sensor_height=130
sensor_type=anemometer
sensor_model=Thies Anemometer First Class Advanced
formula=linear_cnt
formula_params=C2 var_period var_offset var_slope
var_period=1
var_offset=0.2284
var_slope=0.04603
[Anemómetro 3;wind_speed]
statistics=Avg;Max;Min;StdDev;Count;
unit=m/s
sensor_label=Anemómetro 3
sensor_height=110
sensor_type=anemometer
sensor_model=Thies Anemometer First Class Advanced
formula=linear_cnt
formula_params=C3 var_period var_offset var_slope
var_period=1
var_offset=0.2367
var_slope=0.04597
[Anemómetro 4;wind_speed]
statistics=Avg;Max;Min;StdDev;Count;
unit=m/s
sensor_label=Anemómetro 4
sensor_height=110
sensor_type=anemometer
sensor_model=Thies Anemometer First Class Advanced
formula=linear_cnt
formula_params=C4 var_period var_offset var_slope
var_period=1
var_offset=0.2408
var_slope=0.04601
[Anemómetro 5;wind_speed]
statistics=Avg;Max;Min;StdDev;Count;
unit=m/s
sensor_label=Anemómetro 5
sensor_height=90
sensor_type=anemometer
sensor_model=Thies Anemometer First Class Advanced
formula=linear_cnt
formula_params=C5 var_period var_offset var_slope
var_period=1
var_offset=0.2332
var_slope=0.04606
[Anemómetro 6;wind_speed]
statistics=Avg;Max;Min;StdDev;Count;
unit=m/s
sensor_label=Anemómetro 6
sensor_height=90
sensor_type=anemometer
sensor_model=Thies Anemometer First Class Advanced
formula=linear_cnt
formula_params=C6 var_period var_offset var_slope
var_period=1
var_offset=0.2101
var_slope=0.04616
[Veleta 1;wind_direction]
statistics=Avg;StdDev;Count;
unit=°
sensor_label=Veleta 1
sensor_height=128
sensor_type=wind_vane
sensor_model=Thies Wind Vane 10 Bits Serial Synchron
formula=windvane_dig
formula_params=D1 var_offset var_slope
var_offset=236
var_slope=0.3515625
[Veleta 2;wind_direction]
statistics=Avg;StdDev;Count;
unit=°
sensor_label=Veleta 2
sensor_height=108
sensor_type=wind_vane
sensor_model=Thies Wind Vane 10 Bits Serial Synchron
formula=windvane_dig
formula_params=D2 var_offset var_slope
var_offset=236
var_slope=0.3515625
[Veleta 3;wind_direction]
statistics=Avg;StdDev;Count;
unit=°
sensor_label=Veleta 3
sensor_height=88
sensor_type=wind_vane
sensor_model=Thies Wind Vane 10 Bits Serial Synchron
formula=windvane_dig
formula_params=D3 var_offset var_slope
var_offset=236
var_slope=0.3515625
[Hygro;humidity]
statistics=Avg;Max;Min;StdDev;Count;
unit=%
sensor_label=Hygro
sensor_height=15
sensor_type=hygro_thermo
sensor_model=Galltec Hygro-Thermo Active KP
formula=linear_humidity
formula_params=A2 var_clip var_offset var_slope
var_clip=100
var_offset=0
var_slope=100
[Hygro;temperature]
statistics=Avg;Max;Min;StdDev;Count;
unit=°C
sensor_label=Hygro
sensor_height=15
sensor_type=hygro_thermo
sensor_model=Galltec Hygro-Thermo Active KP
formula=linear
formula_params=A3 var_offset var_slope
var_offset=-30
var_slope=100
[Barómetro 1;air_pressure]
statistics=Avg;Max;Min;StdDev;Count;
unit=mbar
sensor_label=Barómetro 1
sensor_height=12
sensor_type=barometer
sensor_model=Barometric Pressure Sensor AB60
formula=linear
formula_params=A1 var_offset var_slope
var_offset=800
var_slope=60
[A1]
statistics=Avg;Max;Min;StdDev;Count;
unit=V
rate=1 s
range=10 V
[A2]
statistics=Avg;Max;Min;StdDev;Count;
unit=V
rate=1 s
range=10 V
[A3]
statistics=Avg;Max;Min;StdDev;Count;
unit=V
rate=1 s
range=1 V
[C1]
statistics=Avg;Max;Min;StdDev;Count;
unit=I
rate=1 s
[C2]
statistics=Avg;Max;Min;StdDev;Count;
unit=I
rate=1 s
[C3]
statistics=Avg;Max;Min;StdDev;Count;
unit=I
rate=1 s
[C4]
statistics=Avg;Max;Min;StdDev;Count;
unit=I
rate=1 s
[C5]
statistics=Avg;Max;Min;StdDev;Count;
unit=I
rate=1 s
[C6]
statistics=Avg;Max;Min;StdDev;Count;
unit=I
rate=1 s
[D1]
statistics=Avg;Max;Min;StdDev;Count;
protocol=thies10bit
rate=1 s
[D2]
statistics=Avg;Max;Min;StdDev;Count;
protocol=thies10bit
rate=1 s
[D3]
statistics=Avg;Max;Min;StdDev;Count;
protocol=thies10bit
rate=1 s
[V]
statistics=Avg;Max;Min;
unit=V
[I]
statistics=Avg;Max;Min;
unit=mA
[T]
statistics=Avg;
unit=°C
